0.5 0 0
0.25 0 0.433013
-0.25 0 0.433013
-0.5 0 6.12323e-17
-0.25 0 -0.433013
0.25 0 -0.433013
0.5 0 -5.66554e-16
0.25 0.433013 0
0.125 0.216506 0.433013
-0.125 -0.216506 0.433013
-0.25 -0.433013 6.12323e-17
-0.125 -0.216506 -0.433013
0.125 0.216506 -0.433013
0.25 0.433013 -5.66554e-16
-0.25 0.433013 0
-0.125 0.216506 0.433013
0.125 -0.216506 0.433013
0.25 -0.433013 6.12323e-17
0.125 -0.216506 -0.433013
-0.125 0.216506 -0.433013
-0.25 0.433013 -5.66554e-16
-0.5 6.12323e-17 0
-0.25 3.06162e-17 0.433013
0.25 -3.06162e-17 0.433013
0.5 -6.12323e-17 6.12323e-17
0.25 -3.06162e-17 -0.433013
-0.25 3.06162e-17 -0.433013
-0.5 6.12323e-17 -5.66554e-16
-0.25 -0.433013 0
-0.125 -0.216506 0.433013
0.125 0.216506 0.433013
0.25 0.433013 6.12323e-17
0.125 0.216506 -0.433013
-0.125 -0.216506 -0.433013
-0.25 -0.433013 -5.66554e-16
0.25 -0.433013 0
0.125 -0.216506 0.433013
-0.125 0.216506 0.433013
-0.25 0.433013 6.12323e-17
-0.125 0.216506 -0.433013
0.125 -0.216506 -0.433013
0.25 -0.433013 -5.66554e-16
0.5 -5.66554e-16 0
0.25 -2.83277e-16 0.433013
-0.25 2.83277e-16 0.433013
-0.5 5.66554e-16 6.12323e-17
-0.25 2.83277e-16 -0.433013
0.25 -2.83277e-16 -0.433013
0.5 -5.66554e-16 -5.66554e-16
0.505328 -0.232325 -0.048
0.255821 -0.216627 0.385013
-0.243192 -0.185232 0.385013
-0.492699 -0.169534 -0.048
-0.243192 -0.185232 -0.481013
0.255821 -0.216627 -0.481013
0.505328 -0.232325 -0.048
0.28301 0.215531 -0.048
0.144662 0.00730065 0.385013
-0.132033 -0.40916 0.385013
-0.270381 -0.61739 -0.048
-0.132033 -0.40916 -0.481013
0.144662 0.00730065 -0.481013
0.28301 0.215531 -0.048
-0.216003 0.246926 -0.048
-0.104844 0.0229983 0.385013
0.117473 -0.424858 0.385013
0.228632 -0.648786 -0.048
0.117473 -0.424858 -0.481013
-0.104844 0.0229983 -0.481013
-0.216003 0.246926 -0.048
-0.492699 -0.169534 -0.048
-0.243192 -0.185232 0.385013
0.255821 -0.216627 0.385013
0.505328 -0.232325 -0.048
0.255821 -0.216627 -0.481013
-0.243192 -0.185232 -0.481013
-0.492699 -0.169534 -0.048
-0.270381 -0.61739 -0.048
-0.132033 -0.40916 0.385013
0.144662 0.00730065 0.385013
0.28301 0.215531 -0.048
0.144662 0.00730065 -0.481013
-0.132033 -0.40916 -0.481013
-0.270381 -0.61739 -0.048
0.228632 -0.648786 -0.048
0.117473 -0.424858 0.385013
-0.104844 0.0229983 0.385013
-0.216003 0.246926 -0.048
-0.104844 0.0229983 -0.481013
0.117473 -0.424858 -0.481013
0.228632 -0.648786 -0.048
0.505328 -0.232325 -0.048
0.255821 -0.216627 0.385013
-0.243192 -0.185232 0.385013
-0.492699 -0.169534 -0.048
-0.243192 -0.185232 -0.481013
0.255821 -0.216627 -0.481013
0.505328 -0.232325 -0.048
0.52129 -0.463733 -0.096
0.273262 -0.4324 0.337013
-0.222796 -0.369733 0.337013
-0.470824 -0.3384 -0.096
-0.222796 -0.369733 -0.529013
0.273262 -0.4324 -0.529013
0.52129 -0.463733 -0.096
0.327533 -0.00280139 -0.096
0.176383 -0.201934 0.337013
-0.125917 -0.600199 0.337013
-0.277067 -0.799331 -0.096
-0.125917 -0.600199 -0.529013
0.176383 -0.201934 -0.529013
0.327533 -0.00280139 -0.096
-0.168525 0.0598652 -0.096
-0.0716459 -0.170601 0.337013
0.122112 -0.631532 0.337013
0.218991 -0.861998 -0.096
0.122112 -0.631532 -0.529013
-0.0716459 -0.170601 -0.529013
-0.168525 0.0598652 -0.096
-0.470824 -0.3384 -0.096
-0.222796 -0.369733 0.337013
0.273262 -0.4324 0.337013
0.52129 -0.463733 -0.096
0.273262 -0.4324 -0.529013
-0.222796 -0.369733 -0.529013
-0.470824 -0.3384 -0.096
-0.277067 -0.799331 -0.096
-0.125917 -0.600199 0.337013
0.176383 -0.201934 0.337013
0.327533 -0.00280139 -0.096
0.176383 -0.201934 -0.529013
-0.125917 -0.600199 -0.529013
-0.277067 -0.799331 -0.096
0.218991 -0.861998 -0.096
0.122112 -0.631532 0.337013
-0.0716459 -0.170601 0.337013
-0.168525 0.0598652 -0.096
-0.0716459 -0.170601 -0.529013
0.122112 -0.631532 -0.529013
0.218991 -0.861998 -0.096
0.52129 -0.463733 -0.096
0.273262 -0.4324 0.337013
-0.222796 -0.369733 0.337013
-0.470824 -0.3384 -0.096
-0.222796 -0.369733 -0.529013
0.273262 -0.4324 -0.529013
0.52129 -0.463733 -0.096
0.547824 -0.693311 -0.144
0.302253 -0.646466 0.289013
-0.188891 -0.552775 0.289013
-0.434463 -0.50593 -0.144
-0.188891 -0.552775 -0.577013
0.302253 -0.646466 -0.577013
0.547824 -0.693311 -0.144
0.383391 -0.221123 -0.144
0.220036 -0.410371 0.289013
-0.106674 -0.788869 0.289013
-0.27003 -0.978118 -0.144
-0.106674 -0.788869 -0.577013
0.220036 -0.410371 -0.577013
0.383391 -0.221123 -0.144
-0.107753 -0.127432 -0.144
-0.0255359 -0.363526 0.289013
0.138897 -0.835714 0.289013
0.221114 -1.07181 -0.144
0.138897 -0.835714 -0.577013
-0.0255359 -0.363526 -0.577013
-0.107753 -0.127432 -0.144
-0.434463 -0.50593 -0.144
-0.188891 -0.552775 0.289013
0.302253 -0.646466 0.289013
0.547824 -0.693311 -0.144
0.302253 -0.646466 -0.577013
-0.188891 -0.552775 -0.577013
-0.434463 -0.50593 -0.144
-0.27003 -0.978118 -0.144
-0.106674 -0.788869 0.289013
0.220036 -0.410371 0.289013
0.383391 -0.221123 -0.144
0.220036 -0.410371 -0.577013
-0.106674 -0.788869 -0.577013
-0.27003 -0.978118 -0.144
0.221114 -1.07181 -0.144
0.138897 -0.835714 0.289013
-0.0255359 -0.363526 0.289013
-0.107753 -0.127432 -0.144
-0.0255359 -0.363526 -0.577013
0.138897 -0.835714 -0.577013
0.221114 -1.07181 -0.144
0.547824 -0.693311 -0.144
0.302253 -0.646466 0.289013
-0.188891 -0.552775 0.289013
-0.434463 -0.50593 -0.144
-0.188891 -0.552775 -0.577013
0.302253 -0.646466 -0.577013
0.547824 -0.693311 -0.144
0.584825 -0.920153 -0.192
0.34268 -0.85798 0.241013
-0.141612 -0.733635 0.241013
-0.383758 -0.671463 -0.192
-0.141612 -0.733635 -0.625013
0.34268 -0.85798 -0.625013
0.584825 -0.920153 -0.192
0.450366 -0.438571 -0.192
0.27545 -0.617189 0.241013
-0.074382 -0.974426 0.241013
-0.249298 -1.15304 -0.192
-0.074382 -0.974426 -0.625013
0.27545 -0.617189 -0.625013
0.450366 -0.438571 -0.192
-0.033926 -0.314226 -0.192
0.0333039 -0.555017 0.241013
0.167764 -1.0366 0.241013
0.234994 -1.27739 -0.192
0.167764 -1.0366 -0.625013
0.0333039 -0.555017 -0.625013
-0.033926 -0.314226 -0.192
-0.383758 -0.671463 -0.192
-0.141612 -0.733635 0.241013
0.34268 -0.85798 0.241013
0.584825 -0.920153 -0.192
0.34268 -0.85798 -0.625013
-0.141612 -0.733635 -0.625013
-0.383758 -0.671463 -0.192
-0.249298 -1.15304 -0.192
-0.074382 -0.974426 0.241013
0.27545 -0.617189 0.241013
0.450366 -0.438571 -0.192
0.27545 -0.617189 -0.625013
-0.074382 -0.974426 -0.625013
-0.249298 -1.15304 -0.192
0.234994 -1.27739 -0.192
0.167764 -1.0366 0.241013
0.0333039 -0.555017 0.241013
-0.033926 -0.314226 -0.192
0.0333039 -0.555017 -0.625013
0.167764 -1.0366 -0.625013
0.234994 -1.27739 -0.192
0.584825 -0.920153 -0.192
0.34268 -0.85798 0.241013
-0.141612 -0.733635 0.241013
-0.383758 -0.671463 -0.192
-0.141612 -0.733635 -0.625013
0.34268 -0.85798 -0.625013
0.584825 -0.920153 -0.192
0.632147 -1.14336 -0.24
0.394383 -1.06611 0.193013
-0.081145 -0.9116 0.193013
-0.318909 -0.834346 -0.24
-0.081145 -0.9116 -0.673013
0.394383 -1.06611 -0.673013
0.632147 -1.14336 -0.24
0.528192 -0.654289 -0.24
0.342405 -0.821572 0.193013
-0.0291671 -1.15614 0.193013
-0.214953 -1.32342 -0.24
-0.0291671 -1.15614 -0.673013
0.342405 -0.821572 -0.673013
0.528192 -0.654289 -0.24
0.0526633 -0.499781 -0.24
0.104641 -0.744317 0.193013
0.208597 -1.23339 0.193013
0.260575 -1.47793 -0.24
0.208597 -1.23339 -0.673013
0.104641 -0.744317 -0.673013
0.0526633 -0.499781 -0.24
-0.318909 -0.834346 -0.24
-0.081145 -0.9116 0.193013
0.394383 -1.06611 0.193013
0.632147 -1.14336 -0.24
0.394383 -1.06611 -0.673013
-0.081145 -0.9116 -0.673013
-0.318909 -0.834346 -0.24
-0.214953 -1.32342 -0.24
-0.0291671 -1.15614 0.193013
0.342405 -0.821572 0.193013
0.528192 -0.654289 -0.24
0.342405 -0.821572 -0.673013
-0.0291671 -1.15614 -0.673013
-0.214953 -1.32342 -0.24
0.260575 -1.47793 -0.24
0.208597 -1.23339 0.193013
0.104641 -0.744317 0.193013
0.0526633 -0.499781 -0.24
0.104641 -0.744317 -0.673013
0.208597 -1.23339 -0.673013
0.260575 -1.47793 -0.24
0.632147 -1.14336 -0.24
0.394383 -1.06611 0.193013
-0.081145 -0.9116 0.193013
-0.318909 -0.834346 -0.24
-0.081145 -0.9116 -0.673013
0.394383 -1.06611 -0.673013
0.632147 -1.14336 -0.24
0.689603 -1.36206 -0.288
0.457159 -1.27003 0.145013
-0.00772888 -1.08597 0.145013
-0.240173 -0.993936 -0.288
-0.00772888 -1.08597 -0.721013
0.457159 -1.27003 -0.721013
0.689603 -1.36206 -0.288
0.616562 -0.867425 -0.288
0.420639 -1.02271 0.145013
0.0287919 -1.33329 0.145013
-0.167131 -1.48857 -0.288
0.0287919 -1.33329 -0.721013
0.420639 -1.02271 -0.721013
0.616562 -0.867425 -0.288
0.151674 -0.683362 -0.288
0.188194 -0.93068 0.145013
0.261236 -1.42532 0.145013
0.297757 -1.67263 -0.288
0.261236 -1.42532 -0.721013
0.188194 -0.93068 -0.721013
0.151674 -0.683362 -0.288
-0.240173 -0.993936 -0.288
-0.00772888 -1.08597 0.145013
0.457159 -1.27003 0.145013
0.689603 -1.36206 -0.288
0.457159 -1.27003 -0.721013
-0.00772888 -1.08597 -0.721013
-0.240173 -0.993936 -0.288
-0.167131 -1.48857 -0.288
0.0287919 -1.33329 0.145013
0.420639 -1.02271 0.145013
0.616562 -0.867425 -0.288
0.420639 -1.02271 -0.721013
0.0287919 -1.33329 -0.721013
-0.167131 -1.48857 -0.288
0.297757 -1.67263 -0.288
0.261236 -1.42532 0.145013
0.188194 -0.93068 0.145013
0.151674 -0.683362 -0.288
0.188194 -0.93068 -0.721013
0.261236 -1.42532 -0.721013
0.297757 -1.67263 -0.288
0.689603 -1.36206 -0.288
0.457159 -1.27003 0.145013
-0.00772888 -1.08597 0.145013
-0.240173 -0.993936 -0.288
-0.00772888 -1.08597 -0.721013
0.457159 -1.27003 -0.721013
0.689603 -1.36206 -0.288
0.756967 -1.57538 -0.336
0.53076 -1.46894 0.0970127
0.0783467 -1.25605 0.0970127
-0.14786 -1.1496 -0.336
0.0783467 -1.25605 -0.769013
0.53076 -1.46894 -0.769013
0.756967 -1.57538 -0.336
0.715128 -1.07714 -0.336
0.509841 -1.21982 0.0970127
0.0992661 -1.50517 0.0970127
-0.106021 -1.64785 -0.336
0.0992661 -1.50517 -0.769013
0.509841 -1.21982 -0.769013
0.715128 -1.07714 -0.336
0.262715 -0.864247 -0.336
0.283634 -1.11337 0.0970127
0.325473 -1.61162 0.0970127
0.346392 -1.86074 -0.336
0.325473 -1.61162 -0.769013
0.283634 -1.11337 -0.769013
0.262715 -0.864247 -0.336
-0.14786 -1.1496 -0.336
0.0783467 -1.25605 0.0970127
0.53076 -1.46894 0.0970127
0.756967 -1.57538 -0.336
0.53076 -1.46894 -0.769013
0.0783467 -1.25605 -0.769013
-0.14786 -1.1496 -0.336
-0.106021 -1.64785 -0.336
0.0992661 -1.50517 0.0970127
0.509841 -1.21982 0.0970127
0.715128 -1.07714 -0.336
0.509841 -1.21982 -0.769013
0.0992661 -1.50517 -0.769013
-0.106021 -1.64785 -0.336
0.346392 -1.86074 -0.336
0.325473 -1.61162 0.0970127
0.283634 -1.11337 0.0970127
0.262715 -0.864247 -0.336
0.283634 -1.11337 -0.769013
0.325473 -1.61162 -0.769013
0.346392 -1.86074 -0.336
0.756967 -1.57538 -0.336
0.53076 -1.46894 0.0970127
0.0783467 -1.25605 0.0970127
-0.14786 -1.1496 -0.336
0.0783467 -1.25605 -0.769013
0.53076 -1.46894 -0.769013
0.756967 -1.57538 -0.336
0.833972 -1.78249 -0.384
0.614895 -1.66205 0.0490127
0.176742 -1.42117 0.0490127
-0.0423347 -1.30073 -0.384
0.176742 -1.42117 -0.817013
0.614895 -1.66205 -0.817013
0.833972 -1.78249 -0.384
0.823501 -1.2826 -0.384
0.60966 -1.41211 0.0490127
0.181978 -1.67112 0.0490127
-0.0318635 -1.80063 -0.384
0.181978 -1.67112 -0.817013
0.60966 -1.41211 -0.817013
0.823501 -1.2826 -0.384
0.385347 -1.04172 -0.384
0.390583 -1.29167 0.0490127
0.401054 -1.79156 0.0490127
0.40629 -2.0415 -0.384
0.401054 -1.79156 -0.817013
0.390583 -1.29167 -0.817013
0.385347 -1.04172 -0.384
-0.0423347 -1.30073 -0.384
0.176742 -1.42117 0.0490127
0.614895 -1.66205 0.0490127
0.833972 -1.78249 -0.384
0.614895 -1.66205 -0.817013
0.176742 -1.42117 -0.817013
-0.0423347 -1.30073 -0.384
-0.0318635 -1.80063 -0.384
0.181978 -1.67112 0.0490127
0.60966 -1.41211 0.0490127
0.823501 -1.2826 -0.384
0.60966 -1.41211 -0.817013
0.181978 -1.67112 -0.817013
-0.0318635 -1.80063 -0.384
0.40629 -2.0415 -0.384
0.401054 -1.79156 0.0490127
0.390583 -1.29167 0.0490127
0.385347 -1.04172 -0.384
0.390583 -1.29167 -0.817013
0.401054 -1.79156 -0.817013
0.40629 -2.0415 -0.384
0.833972 -1.78249 -0.384
0.614895 -1.66205 0.0490127
0.176742 -1.42117 0.0490127
-0.0423347 -1.30073 -0.384
0.176742 -1.42117 -0.817013
0.614895 -1.66205 -0.817013
0.833972 -1.78249 -0.384
0.920315 -1.98256 -0.432
0.709233 -1.8486 0.0010127
0.287069 -1.58069 0.0010127
0.0759867 -1.44673 -0.432
0.287069 -1.58069 -0.865013
0.709233 -1.8486 -0.865013
0.920315 -1.98256 -0.432
0.941252 -1.483 -0.432
0.719702 -1.59882 0.0010127
0.2766 -1.83047 0.0010127
0.0550488 -1.94629 -0.432
0.2766 -1.83047 -0.865013
0.719702 -1.59882 -0.865013
0.941252 -1.483 -0.432
0.519088 -1.21508 -0.432
0.50862 -1.46487 0.0010127
0.487682 -1.96443 0.0010127
0.477213 -2.21421 -0.432
0.487682 -1.96443 -0.865013
0.50862 -1.46487 -0.865013
0.519088 -1.21508 -0.432
0.0759867 -1.44673 -0.432
0.287069 -1.58069 0.0010127
0.709233 -1.8486 0.0010127
0.920315 -1.98256 -0.432
0.709233 -1.8486 -0.865013
0.287069 -1.58069 -0.865013
0.0759867 -1.44673 -0.432
0.0550488 -1.94629 -0.432
0.2766 -1.83047 0.0010127
0.719702 -1.59882 0.0010127
0.941252 -1.483 -0.432
0.719702 -1.59882 -0.865013
0.2766 -1.83047 -0.865013
0.0550488 -1.94629 -0.432
0.477213 -2.21421 -0.432
0.487682 -1.96443 0.0010127
0.50862 -1.46487 0.0010127
0.519088 -1.21508 -0.432
0.50862 -1.46487 -0.865013
0.487682 -1.96443 -0.865013
0.477213 -2.21421 -0.432
0.920315 -1.98256 -0.432
0.709233 -1.8486 0.0010127
0.287069 -1.58069 0.0010127
0.0759867 -1.44673 -0.432
0.287069 -1.58069 -0.865013
0.709233 -1.8486 -0.865013
0.920315 -1.98256 -0.432
1.01565 -2.17481 -0.48
0.8134 -2.02786 -0.0469873
0.408891 -1.73397 -0.0469873
0.206637 -1.58702 -0.48
0.408891 -1.73397 -0.913013
0.8134 -2.02786 -0.913013
1.01565 -2.17481 -0.48
1.06792 -1.67754 -0.48
0.839532 -1.77923 -0.0469873
0.382759 -1.9826 -0.0469873
0.154373 -2.08428 -0.48
0.382759 -1.9826 -0.913013
0.839532 -1.77923 -0.913013
1.06792 -1.67754 -0.48
0.66341 -1.38365 -0.48
0.637278 -1.63228 -0.0469873
0.585014 -2.12954 -0.0469873
0.558881 -2.37817 -0.48
0.585014 -2.12954 -0.913013
0.637278 -1.63228 -0.913013
0.66341 -1.38365 -0.48
0.206637 -1.58702 -0.48
0.408891 -1.73397 -0.0469873
0.8134 -2.02786 -0.0469873
1.01565 -2.17481 -0.48
0.8134 -2.02786 -0.913013
0.408891 -1.73397 -0.913013
0.206637 -1.58702 -0.48
0.154373 -2.08428 -0.48
0.382759 -1.9826 -0.0469873
0.839532 -1.77923 -0.0469873
1.06792 -1.67754 -0.48
0.839532 -1.77923 -0.913013
0.382759 -1.9826 -0.913013
0.154373 -2.08428 -0.48
0.558881 -2.37817 -0.48
0.585014 -2.12954 -0.0469873
0.637278 -1.63228 -0.0469873
0.66341 -1.38365 -0.48
0.637278 -1.63228 -0.913013
0.585014 -2.12954 -0.913013
0.558881 -2.37817 -0.48
1.01565 -2.17481 -0.48
0.8134 -2.02786 -0.0469873
0.408891 -1.73397 -0.0469873
0.206637 -1.58702 -0.48
0.408891 -1.73397 -0.913013
0.8134 -2.02786 -0.913013
1.01565 -2.17481 -0.48
1.11961 -2.35847 -0.528
0.926986 -2.19911 -0.0949873
0.541729 -1.8804 -0.0949873
0.349101 -1.72104 -0.528
0.541729 -1.8804 -0.961013
0.926986 -2.19911 -0.961013
1.11961 -2.35847 -0.528
1.203 -1.86547 -0.528
0.968678 -1.95261 -0.0949873
0.500037 -2.1269 -0.0949873
0.265717 -2.21404 -0.528
0.500037 -2.1269 -0.961013
0.968678 -1.95261 -0.961013
1.203 -1.86547 -0.528
0.817742 -1.54676 -0.528
0.77605 -1.79326 -0.0949873
0.692665 -2.28626 -0.0949873
0.650973 -2.53275 -0.528
0.692665 -2.28626 -0.961013
0.77605 -1.79326 -0.961013
0.817742 -1.54676 -0.528
0.349101 -1.72104 -0.528
0.541729 -1.8804 -0.0949873
0.926986 -2.19911 -0.0949873
1.11961 -2.35847 -0.528
0.926986 -2.19911 -0.961013
0.541729 -1.8804 -0.961013
0.349101 -1.72104 -0.528
0.265717 -2.21404 -0.528
0.500037 -2.1269 -0.0949873
0.968678 -1.95261 -0.0949873
1.203 -1.86547 -0.528
0.968678 -1.95261 -0.961013
0.500037 -2.1269 -0.961013
0.265717 -2.21404 -0.528
0.650973 -2.53275 -0.528
0.692665 -2.28626 -0.0949873
0.77605 -1.79326 -0.0949873
0.817742 -1.54676 -0.528
0.77605 -1.79326 -0.961013
0.692665 -2.28626 -0.961013
0.650973 -2.53275 -0.528
1.11961 -2.35847 -0.528
0.926986 -2.19911 -0.0949873
0.541729 -1.8804 -0.0949873
0.349101 -1.72104 -0.528
0.541729 -1.8804 -0.961013
0.926986 -2.19911 -0.961013
1.11961 -2.35847 -0.528
1.23178 -2.53282 -0.576
1.04954 -2.36169 -0.142987
0.685058 -2.01941 -0.142987
0.502816 -1.84828 -0.576
0.685058 -2.01941 -1.00901
1.04954 -2.36169 -1.00901
1.23178 -2.53282 -0.576
1.34596 -2.04603 -0.576
1.10663 -2.11829 -0.142987
0.627971 -2.26281 -0.142987
0.388641 -2.33507 -0.576
0.627971 -2.26281 -1.00901
1.10663 -2.11829 -1.00901
1.34596 -2.04603 -0.576
0.981476 -1.70376 -0.576
0.924388 -1.94716 -0.142987
0.810213 -2.43395 -0.142987
0.753125 -2.67734 -0.576
0.810213 -2.43395 -1.00901
0.924388 -1.94716 -1.00901
0.981476 -1.70376 -0.576
0.502816 -1.84828 -0.576
0.685058 -2.01941 -0.142987
1.04954 -2.36169 -0.142987
1.23178 -2.53282 -0.576
1.04954 -2.36169 -1.00901
0.685058 -2.01941 -1.00901
0.502816 -1.84828 -0.576
0.388641 -2.33507 -0.576
0.627971 -2.26281 -0.142987
1.10663 -2.11829 -0.142987
1.34596 -2.04603 -0.576
1.10663 -2.11829 -1.00901
0.627971 -2.26281 -1.00901
0.388641 -2.33507 -0.576
0.753125 -2.67734 -0.576
0.810213 -2.43395 -0.142987
0.924388 -1.94716 -0.142987
0.981476 -1.70376 -0.576
0.924388 -1.94716 -1.00901
0.810213 -2.43395 -1.00901
0.753125 -2.67734 -0.576
1.23178 -2.53282 -0.576
1.04954 -2.36169 -0.142987
0.685058 -2.01941 -0.142987
0.502816 -1.84828 -0.576
0.685058 -2.01941 -1.00901
1.04954 -2.36169 -1.00901
1.23178 -2.53282 -0.576
1.35172 -2.69718 -0.624
1.18059 -2.51494 -0.190987
0.838312 -2.15046 -0.190987
0.667176 -1.96822 -0.624
0.838312 -2.15046 -1.05701
1.18059 -2.51494 -1.05701
1.35172 -2.69718 -0.624
1.49624 -2.21852 -0.624
1.25284 -2.27561 -0.190987
0.766055 -2.38979 -0.190987
0.52266 -2.44688 -0.624
0.766055 -2.38979 -1.05701
1.25284 -2.27561 -1.05701
1.49624 -2.21852 -0.624
1.15397 -1.85404 -0.624
1.08171 -2.09337 -0.190987
0.937191 -2.57203 -0.190987
0.864933 -2.81136 -0.624
0.937191 -2.57203 -1.05701
1.08171 -2.09337 -1.05701
1.15397 -1.85404 -0.624
0.667176 -1.96822 -0.624
0.838312 -2.15046 -0.190987
1.18059 -2.51494 -0.190987
1.35172 -2.69718 -0.624
1.18059 -2.51494 -1.05701
0.838312 -2.15046 -1.05701
0.667176 -1.96822 -0.624
0.52266 -2.44688 -0.624
0.766055 -2.38979 -0.190987
1.25284 -2.27561 -0.190987
1.49624 -2.21852 -0.624
1.25284 -2.27561 -1.05701
0.766055 -2.38979 -1.05701
0.52266 -2.44688 -0.624
0.864933 -2.81136 -0.624
0.937191 -2.57203 -0.190987
1.08171 -2.09337 -0.190987
1.15397 -1.85404 -0.624
1.08171 -2.09337 -1.05701
0.937191 -2.57203 -1.05701
0.864933 -2.81136 -0.624
1.35172 -2.69718 -0.624
1.18059 -2.51494 -0.190987
0.838312 -2.15046 -0.190987
0.667176 -1.96822 -0.624
0.838312 -2.15046 -1.05701
1.18059 -2.51494 -1.05701
1.35172 -2.69718 -0.624
1.47896 -2.8509 -0.672
1.3196 -2.65827 -0.238987
1.00089 -2.27301 -0.238987
0.841531 -2.08039 -0.672
1.00089 -2.27301 -1.10501
1.3196 -2.65827 -1.10501
1.47896 -2.8509 -0.672
1.65324 -2.38226 -0.672
1.40674 -2.42395 -0.238987
0.913744 -2.50733 -0.238987
0.667245 -2.54903 -0.672
0.913744 -2.50733 -1.10501
1.40674 -2.42395 -1.10501
1.65324 -2.38226 -0.672
1.33453 -1.997 -0.672
1.24739 -2.23132 -0.238987
1.0731 -2.69996 -0.238987
0.985957 -2.93428 -0.672
1.0731 -2.69996 -1.10501
1.24739 -2.23132 -1.10501
1.33453 -1.997 -0.672
0.841531 -2.08039 -0.672
1.00089 -2.27301 -0.238987
1.3196 -2.65827 -0.238987
1.47896 -2.8509 -0.672
1.3196 -2.65827 -1.10501
1.00089 -2.27301 -1.10501
0.841531 -2.08039 -0.672
0.667245 -2.54903 -0.672
0.913744 -2.50733 -0.238987
1.40674 -2.42395 -0.238987
1.65324 -2.38226 -0.672
1.40674 -2.42395 -1.10501
0.913744 -2.50733 -1.10501
0.667245 -2.54903 -0.672
0.985957 -2.93428 -0.672
1.0731 -2.69996 -0.238987
1.24739 -2.23132 -0.238987
1.33453 -1.997 -0.672
1.24739 -2.23132 -1.10501
1.0731 -2.69996 -1.10501
0.985957 -2.93428 -0.672
1.47896 -2.8509 -0.672
1.3196 -2.65827 -0.238987
1.00089 -2.27301 -0.238987
0.841531 -2.08039 -0.672
1.00089 -2.27301 -1.10501
1.3196 -2.65827 -1.10501
1.47896 -2.8509 -0.672
1.61298 -2.99336 -0.72
1.46603 -2.79111 -0.286987
1.17214 -2.3866 -0.286987
1.02519 -2.18435 -0.72
1.17214 -2.3866 -1.15301
1.46603 -2.79111 -1.15301
1.61298 -2.99336 -0.72
1.81635 -2.53659 -0.72
1.56772 -2.56272 -0.286987
1.07046 -2.61499 -0.286987
0.821826 -2.64112 -0.72
1.07046 -2.61499 -1.15301
1.56772 -2.56272 -1.15301
1.81635 -2.53659 -0.72
1.52246 -2.13208 -0.72
1.42077 -2.36047 -0.286987
1.2174 -2.81724 -0.286987
1.11572 -3.04563 -0.72
1.2174 -2.81724 -1.15301
1.42077 -2.36047 -1.15301
1.52246 -2.13208 -0.72
1.02519 -2.18435 -0.72
1.17214 -2.3866 -0.286987
1.46603 -2.79111 -0.286987
1.61298 -2.99336 -0.72
1.46603 -2.79111 -1.15301
1.17214 -2.3866 -1.15301
1.02519 -2.18435 -0.72
0.821826 -2.64112 -0.72
1.07046 -2.61499 -0.286987
1.56772 -2.56272 -0.286987
1.81635 -2.53659 -0.72
1.56772 -2.56272 -1.15301
1.07046 -2.61499 -1.15301
0.821826 -2.64112 -0.72
1.11572 -3.04563 -0.72
1.2174 -2.81724 -0.286987
1.42077 -2.36047 -0.286987
1.52246 -2.13208 -0.72
1.42077 -2.36047 -1.15301
1.2174 -2.81724 -1.15301
1.11572 -3.04563 -0.72
1.61298 -2.99336 -0.72
1.46603 -2.79111 -0.286987
1.17214 -2.3866 -0.286987
1.02519 -2.18435 -0.72
1.17214 -2.3866 -1.15301
1.46603 -2.79111 -1.15301
1.61298 -2.99336 -0.72
1.75327 -3.12401 -0.768
1.61931 -2.91293 -0.334987
1.3514 -2.49077 -0.334987
1.21744 -2.27969 -0.768
1.3514 -2.49077 -1.20101
1.61931 -2.91293 -1.20101
1.75327 -3.12401 -0.768
1.98492 -2.68091 -0.768
1.73513 -2.69138 -0.334987
1.23557 -2.71232 -0.334987
0.985793 -2.72279 -0.768
1.23557 -2.71232 -1.20101
1.73513 -2.69138 -1.20101
1.98492 -2.68091 -0.768
1.717 -2.25875 -0.768
1.60118 -2.4803 -0.334987
1.36953 -2.9234 -0.334987
1.25371 -3.14495 -0.768
1.36953 -2.9234 -1.20101
1.60118 -2.4803 -1.20101
1.717 -2.25875 -0.768
1.21744 -2.27969 -0.768
1.3514 -2.49077 -0.334987
1.61931 -2.91293 -0.334987
1.75327 -3.12401 -0.768
1.61931 -2.91293 -1.20101
1.3514 -2.49077 -1.20101
1.21744 -2.27969 -0.768
0.985793 -2.72279 -0.768
1.23557 -2.71232 -0.334987
1.73513 -2.69138 -0.334987
1.98492 -2.68091 -0.768
1.73513 -2.69138 -1.20101
1.23557 -2.71232 -1.20101
0.985793 -2.72279 -0.768
1.25371 -3.14495 -0.768
1.36953 -2.9234 -0.334987
1.60118 -2.4803 -0.334987
1.717 -2.25875 -0.768
1.60118 -2.4803 -1.20101
1.36953 -2.9234 -1.20101
1.25371 -3.14495 -0.768
1.75327 -3.12401 -0.768
1.61931 -2.91293 -0.334987
1.3514 -2.49077 -0.334987
1.21744 -2.27969 -0.768
1.3514 -2.49077 -1.20101
1.61931 -2.91293 -1.20101
1.75327 -3.12401 -0.768
1.89927 -3.24233 -0.816
1.77883 -3.02326 -0.382987
1.53795 -2.5851 -0.382987
1.41751 -2.36603 -0.816
1.53795 -2.5851 -1.24901
1.77883 -3.02326 -1.24901
1.89927 -3.24233 -0.816
2.15828 -2.81465 -0.816
1.90833 -2.80942 -0.382987
1.40844 -2.79895 -0.382987
1.1585 -2.79371 -0.816
1.40844 -2.79895 -1.24901
1.90833 -2.80942 -1.24901
2.15828 -2.81465 -0.816
1.9174 -2.3765 -0.816
1.78789 -2.59034 -0.382987
1.52888 -3.01802 -0.382987
1.39937 -3.23186 -0.816
1.52888 -3.01802 -1.24901
1.78789 -2.59034 -1.24901
1.9174 -2.3765 -0.816
1.41751 -2.36603 -0.816
1.53795 -2.5851 -0.382987
1.77883 -3.02326 -0.382987
1.89927 -3.24233 -0.816
1.77883 -3.02326 -1.24901
1.53795 -2.5851 -1.24901
1.41751 -2.36603 -0.816
1.1585 -2.79371 -0.816
1.40844 -2.79895 -0.382987
1.90833 -2.80942 -0.382987
2.15828 -2.81465 -0.816
1.90833 -2.80942 -1.24901
1.40844 -2.79895 -1.24901
1.1585 -2.79371 -0.816
1.39937 -3.23186 -0.816
1.52888 -3.01802 -0.382987
1.78789 -2.59034 -0.382987
1.9174 -2.3765 -0.816
1.78789 -2.59034 -1.24901
1.52888 -3.01802 -1.24901
1.39937 -3.23186 -0.816
1.89927 -3.24233 -0.816
1.77883 -3.02326 -0.382987
1.53795 -2.5851 -0.382987
1.41751 -2.36603 -0.816
1.53795 -2.5851 -1.24901
1.77883 -3.02326 -1.24901
1.89927 -3.24233 -0.816
2.0504 -3.34786 -0.864
1.94395 -3.12165 -0.430987
1.73106 -2.66924 -0.430987
1.62462 -2.44303 -0.864
1.73106 -2.66924 -1.29701
1.94395 -3.12165 -1.29701
2.0504 -3.34786 -0.864
2.33575 -2.93729 -0.864
2.08663 -2.91637 -0.430987
1.58838 -2.87453 -0.430987
1.33926 -2.85361 -0.864
1.58838 -2.87453 -1.29701
2.08663 -2.91637 -1.29701
2.33575 -2.93729 -0.864
2.12286 -2.48487 -0.864
1.98018 -2.69016 -0.430987
1.69483 -3.10073 -0.430987
1.55215 -3.30602 -0.864
1.69483 -3.10073 -1.29701
1.98018 -2.69016 -1.29701
2.12286 -2.48487 -0.864
1.62462 -2.44303 -0.864
1.73106 -2.66924 -0.430987
1.94395 -3.12165 -0.430987
2.0504 -3.34786 -0.864
1.94395 -3.12165 -1.29701
1.73106 -2.66924 -1.29701
1.62462 -2.44303 -0.864
1.33926 -2.85361 -0.864
1.58838 -2.87453 -0.430987
2.08663 -2.91637 -0.430987
2.33575 -2.93729 -0.864
2.08663 -2.91637 -1.29701
1.58838 -2.87453 -1.29701
1.33926 -2.85361 -0.864
1.55215 -3.30602 -0.864
1.69483 -3.10073 -0.430987
1.98018 -2.69016 -0.430987
2.12286 -2.48487 -0.864
1.98018 -2.69016 -1.29701
1.69483 -3.10073 -1.29701
1.55215 -3.30602 -0.864
2.0504 -3.34786 -0.864
1.94395 -3.12165 -0.430987
1.73106 -2.66924 -0.430987
1.62462 -2.44303 -0.864
1.73106 -2.66924 -1.29701
1.94395 -3.12165 -1.29701
2.0504 -3.34786 -0.864
2.20606 -3.44017 -0.912
2.11403 -3.20773 -0.478987
1.92997 -2.74284 -0.478987
1.83794 -2.5104 -0.912
1.92997 -2.74284 -1.34501
2.11403 -3.20773 -1.34501
2.20606 -3.44017 -0.912
2.51664 -3.04833 -0.912
2.26932 -3.01181 -0.478987
1.77468 -2.93876 -0.478987
1.52737 -2.90224 -0.912
1.77468 -2.93876 -1.34501
2.26932 -3.01181 -1.34501
2.51664 -3.04833 -0.912
2.33258 -2.58344 -0.912
2.17729 -2.77936 -0.478987
1.86671 -3.17121 -0.478987
1.71143 -3.36713 -0.912
1.86671 -3.17121 -1.34501
2.17729 -2.77936 -1.34501
2.33258 -2.58344 -0.912
1.83794 -2.5104 -0.912
1.92997 -2.74284 -0.478987
2.11403 -3.20773 -0.478987
2.20606 -3.44017 -0.912
2.11403 -3.20773 -1.34501
1.92997 -2.74284 -1.34501
1.83794 -2.5104 -0.912
1.52737 -2.90224 -0.912
1.77468 -2.93876 -0.478987
2.26932 -3.01181 -0.478987
2.51664 -3.04833 -0.912
2.26932 -3.01181 -1.34501
1.77468 -2.93876 -1.34501
1.52737 -2.90224 -0.912
1.71143 -3.36713 -0.912
1.86671 -3.17121 -0.478987
2.17729 -2.77936 -0.478987
2.33258 -2.58344 -0.912
2.17729 -2.77936 -1.34501
1.86671 -3.17121 -1.34501
1.71143 -3.36713 -0.912
2.20606 -3.44017 -0.912
2.11403 -3.20773 -0.478987
1.92997 -2.74284 -0.478987
1.83794 -2.5104 -0.912
1.92997 -2.74284 -1.34501
2.11403 -3.20773 -1.34501
2.20606 -3.44017 -0.912
2.36565 -3.51891 -0.96
2.2884 -3.28114 -0.526987
2.13389 -2.80562 -0.526987
2.05664 -2.56785 -0.96
2.13389 -2.80562 -1.39301
2.2884 -3.28114 -1.39301
2.36565 -3.51891 -0.96
2.70022 -3.14734 -0.96
2.45568 -3.09536 -0.526987
1.96661 -2.9914 -0.526987
1.72207 -2.93943 -0.96
1.96661 -2.9914 -1.39301
2.45568 -3.09536 -1.39301
2.70022 -3.14734 -0.96
2.54571 -2.67181 -0.96
2.37843 -2.85759 -0.526987
2.04386 -3.22917 -0.526987
1.87658 -3.41495 -0.96
2.04386 -3.22917 -1.39301
2.37843 -2.85759 -1.39301
2.54571 -2.67181 -0.96
2.05664 -2.56785 -0.96
2.13389 -2.80562 -0.526987
2.2884 -3.28114 -0.526987
2.36565 -3.51891 -0.96
2.2884 -3.28114 -1.39301
2.13389 -2.80562 -1.39301
2.05664 -2.56785 -0.96
1.72207 -2.93943 -0.96
1.96661 -2.9914 -0.526987
2.45568 -3.09536 -0.526987
2.70022 -3.14734 -0.96
2.45568 -3.09536 -1.39301
1.96661 -2.9914 -1.39301
1.72207 -2.93943 -0.96
1.87658 -3.41495 -0.96
2.04386 -3.22917 -0.526987
2.37843 -2.85759 -0.526987
2.54571 -2.67181 -0.96
2.37843 -2.85759 -1.39301
2.04386 -3.22917 -1.39301
1.87658 -3.41495 -0.96
2.36565 -3.51891 -0.96
2.2884 -3.28114 -0.526987
2.13389 -2.80562 -0.526987
2.05664 -2.56785 -0.96
2.13389 -2.80562 -1.39301
2.2884 -3.28114 -1.39301
2.36565 -3.51891 -0.96
2.52854 -3.58376 -1.008
2.46636 -3.34161 -0.574987
2.34202 -2.85732 -0.574987
2.27985 -2.61517 -1.008
2.34202 -2.85732 -1.44101
2.46636 -3.34161 -1.44101
2.52854 -3.58376 -1.008
2.88577 -3.23393 -1.008
2.64498 -3.1667 -0.574987
2.1634 -3.03224 -0.574987
1.92261 -2.96501 -1.008
2.1634 -3.03224 -1.44101
2.64498 -3.1667 -1.44101
2.88577 -3.23393 -1.008
2.76143 -2.74963 -1.008
2.58281 -2.92455 -0.574987
2.22557 -3.27438 -0.574987
2.04696 -3.4493 -1.008
2.22557 -3.27438 -1.44101
2.58281 -2.92455 -1.44101
2.76143 -2.74963 -1.008
2.27985 -2.61517 -1.008
2.34202 -2.85732 -0.574987
2.46636 -3.34161 -0.574987
2.52854 -3.58376 -1.008
2.46636 -3.34161 -1.44101
2.34202 -2.85732 -1.44101
2.27985 -2.61517 -1.008
1.92261 -2.96501 -1.008
2.1634 -3.03224 -0.574987
2.64498 -3.1667 -0.574987
2.88577 -3.23393 -1.008
2.64498 -3.1667 -1.44101
2.1634 -3.03224 -1.44101
1.92261 -2.96501 -1.008
2.04696 -3.4493 -1.008
2.22557 -3.27438 -0.574987
2.58281 -2.92455 -0.574987
2.76143 -2.74963 -1.008
2.58281 -2.92455 -1.44101
2.22557 -3.27438 -1.44101
2.04696 -3.4493 -1.008
2.52854 -3.58376 -1.008
2.46636 -3.34161 -0.574987
2.34202 -2.85732 -0.574987
2.27985 -2.61517 -1.008
2.34202 -2.85732 -1.44101
2.46636 -3.34161 -1.44101
2.52854 -3.58376 -1.008
2.69407 -3.63446 -1.056
2.64723 -3.38889 -0.622987
2.55353 -2.89775 -0.622987
2.50669 -2.65218 -1.056
2.55353 -2.89775 -1.48901
2.64723 -3.38889 -1.48901
2.69407 -3.63446 -1.056
3.07257 -3.30775 -1.056
2.83647 -3.22554 -0.622987
2.36429 -3.0611 -0.622987
2.12819 -2.97889 -1.056
2.36429 -3.0611 -1.48901
2.83647 -3.22554 -1.48901
3.07257 -3.30775 -1.056
2.97888 -2.81661 -1.056
2.78963 -2.97996 -0.622987
2.41113 -3.30667 -0.622987
2.22188 -3.47003 -1.056
2.41113 -3.30667 -1.48901
2.78963 -2.97996 -1.48901
2.97888 -2.81661 -1.056
2.50669 -2.65218 -1.056
2.55353 -2.89775 -0.622987
2.64723 -3.38889 -0.622987
2.69407 -3.63446 -1.056
2.64723 -3.38889 -1.48901
2.55353 -2.89775 -1.48901
2.50669 -2.65218 -1.056
2.12819 -2.97889 -1.056
2.36429 -3.0611 -0.622987
2.83647 -3.22554 -0.622987
3.07257 -3.30775 -1.056
2.83647 -3.22554 -1.48901
2.36429 -3.0611 -1.48901
2.12819 -2.97889 -1.056
2.22188 -3.47003 -1.056
2.41113 -3.30667 -0.622987
2.78963 -2.97996 -0.622987
2.97888 -2.81661 -1.056
2.78963 -2.97996 -1.48901
2.41113 -3.30667 -1.48901
2.22188 -3.47003 -1.056
2.69407 -3.63446 -1.056
2.64723 -3.38889 -0.622987
2.55353 -2.89775 -0.622987
2.50669 -2.65218 -1.056
2.55353 -2.89775 -1.48901
2.64723 -3.38889 -1.48901
2.69407 -3.63446 -1.056
2.8616 -3.67082 -1.104
2.83027 -3.4228 -0.670987
2.7676 -2.92674 -0.670987
2.73627 -2.67871 -1.104
2.7676 -2.92674 -1.53701
2.83027 -3.4228 -1.53701
2.8616 -3.67082 -1.104
3.25987 -3.36852 -1.104
3.0294 -3.27165 -0.670987
2.56847 -3.07789 -0.670987
2.338 -2.98101 -1.104
2.56847 -3.07789 -1.53701
3.0294 -3.27165 -1.53701
3.25987 -3.36852 -1.104
3.1972 -2.87247 -1.104
2.99807 -3.02362 -0.670987
2.5998 -3.32592 -0.670987
2.40067 -3.47707 -1.104
2.5998 -3.32592 -1.53701
2.99807 -3.02362 -1.53701
3.1972 -2.87247 -1.104
2.73627 -2.67871 -1.104
2.7676 -2.92674 -0.670987
2.83027 -3.4228 -0.670987
2.8616 -3.67082 -1.104
2.83027 -3.4228 -1.53701
2.7676 -2.92674 -1.53701
2.73627 -2.67871 -1.104
2.338 -2.98101 -1.104
2.56847 -3.07789 -0.670987
3.0294 -3.27165 -0.670987
3.25987 -3.36852 -1.104
3.0294 -3.27165 -1.53701
2.56847 -3.07789 -1.53701
2.338 -2.98101 -1.104
2.40067 -3.47707 -1.104
2.5998 -3.32592 -0.670987
2.99807 -3.02362 -0.670987
3.1972 -2.87247 -1.104
2.99807 -3.02362 -1.53701
2.5998 -3.32592 -1.53701
2.40067 -3.47707 -1.104
2.8616 -3.67082 -1.104
2.83027 -3.4228 -0.670987
2.7676 -2.92674 -0.670987
2.73627 -2.67871 -1.104
2.7676 -2.92674 -1.53701
2.83027 -3.4228 -1.53701
2.8616 -3.67082 -1.104
3.03047 -3.6927 -1.152
3.01477 -3.44319 -0.718987
2.98337 -2.94418 -0.718987
2.96768 -2.69467 -1.152
2.98337 -2.94418 -1.58501
3.01477 -3.44319 -1.58501
3.03047 -3.6927 -1.152
3.44693 -3.416 -1.152
3.223 -3.30484 -0.718987
2.77514 -3.08253 -0.718987
2.55121 -2.97137 -1.152
2.77514 -3.08253 -1.58501
3.223 -3.30484 -1.58501
3.44693 -3.416 -1.152
3.41553 -2.91699 -1.152
3.2073 -3.05534 -0.718987
2.79084 -3.33203 -0.718987
2.58261 -3.47038 -1.152
2.79084 -3.33203 -1.58501
3.2073 -3.05534 -1.58501
3.41553 -2.91699 -1.152
2.96768 -2.69467 -1.152
2.98337 -2.94418 -0.718987
3.01477 -3.44319 -0.718987
3.03047 -3.6927 -1.152
3.01477 -3.44319 -1.58501
2.98337 -2.94418 -1.58501
2.96768 -2.69467 -1.152
2.55121 -2.97137 -1.152
2.77514 -3.08253 -0.718987
3.223 -3.30484 -0.718987
3.44693 -3.416 -1.152
3.223 -3.30484 -1.58501
2.77514 -3.08253 -1.58501
2.55121 -2.97137 -1.152
2.58261 -3.47038 -1.152
2.79084 -3.33203 -0.718987
3.2073 -3.05534 -0.718987
3.41553 -2.91699 -1.152
3.2073 -3.05534 -1.58501
2.79084 -3.33203 -1.58501
2.58261 -3.47038 -1.152
3.03047 -3.6927 -1.152
3.01477 -3.44319 -0.718987
2.98337 -2.94418 -0.718987
2.96768 -2.69467 -1.152
2.98337 -2.94418 -1.58501
3.01477 -3.44319 -1.58501
3.03047 -3.6927 -1.152
3.2 -3.7 -1.2
3.2 -3.45 -0.766987
3.2 -2.95 -0.766987
3.2 -2.7 -1.2
3.2 -2.95 -1.63301
3.2 -3.45 -1.63301
3.2 -3.7 -1.2
3.63301 -3.45 -1.2
3.41651 -3.325 -0.766987
2.98349 -3.075 -0.766987
2.76699 -2.95 -1.2
2.98349 -3.075 -1.63301
3.41651 -3.325 -1.63301
3.63301 -3.45 -1.2
3.63301 -2.95 -1.2
3.41651 -3.075 -0.766987
2.98349 -3.325 -0.766987
2.76699 -3.45 -1.2
2.98349 -3.325 -1.63301
3.41651 -3.075 -1.63301
3.63301 -2.95 -1.2
3.2 -2.7 -1.2
3.2 -2.95 -0.766987
3.2 -3.45 -0.766987
3.2 -3.7 -1.2
3.2 -3.45 -1.63301
3.2 -2.95 -1.63301
3.2 -2.7 -1.2
2.76699 -2.95 -1.2
2.98349 -3.075 -0.766987
3.41651 -3.325 -0.766987
3.63301 -3.45 -1.2
3.41651 -3.325 -1.63301
2.98349 -3.075 -1.63301
2.76699 -2.95 -1.2
2.76699 -3.45 -1.2
2.98349 -3.325 -0.766987
3.41651 -3.075 -0.766987
3.63301 -2.95 -1.2
3.41651 -3.075 -1.63301
2.98349 -3.325 -1.63301
2.76699 -3.45 -1.2
3.2 -3.7 -1.2
3.2 -3.45 -0.766987
3.2 -2.95 -0.766987
3.2 -2.7 -1.2
3.2 -2.95 -1.63301
3.2 -3.45 -1.63301
3.2 -3.7 -1.2
3.36953 -3.6927 -1.248
3.38523 -3.44319 -0.814987
3.41663 -2.94418 -0.814987
3.43232 -2.69467 -1.248
3.41663 -2.94418 -1.68101
3.38523 -3.44319 -1.68101
3.36953 -3.6927 -1.248
3.81739 -3.47038 -1.248
3.60916 -3.33203 -0.814987
3.1927 -3.05534 -0.814987
2.98447 -2.91699 -1.248
3.1927 -3.05534 -1.68101
3.60916 -3.33203 -1.68101
3.81739 -3.47038 -1.248
3.84879 -2.97137 -1.248
3.62486 -3.08253 -0.814987
3.177 -3.30484 -0.814987
2.95307 -3.416 -1.248
3.177 -3.30484 -1.68101
3.62486 -3.08253 -1.68101
3.84879 -2.97137 -1.248
3.43232 -2.69467 -1.248
3.41663 -2.94418 -0.814987
3.38523 -3.44319 -0.814987
3.36953 -3.6927 -1.248
3.38523 -3.44319 -1.68101
3.41663 -2.94418 -1.68101
3.43232 -2.69467 -1.248
2.98447 -2.91699 -1.248
3.1927 -3.05534 -0.814987
3.60916 -3.33203 -0.814987
3.81739 -3.47038 -1.248
3.60916 -3.33203 -1.68101
3.1927 -3.05534 -1.68101
2.98447 -2.91699 -1.248
2.95307 -3.416 -1.248
3.177 -3.30484 -0.814987
3.62486 -3.08253 -0.814987
3.84879 -2.97137 -1.248
3.62486 -3.08253 -1.68101
3.177 -3.30484 -1.68101
2.95307 -3.416 -1.248
3.36953 -3.6927 -1.248
3.38523 -3.44319 -0.814987
3.41663 -2.94418 -0.814987
3.43232 -2.69467 -1.248
3.41663 -2.94418 -1.68101
3.38523 -3.44319 -1.68101
3.36953 -3.6927 -1.248
3.5384 -3.67082 -1.296
3.56973 -3.4228 -0.862987
3.6324 -2.92674 -0.862987
3.66373 -2.67871 -1.296
3.6324 -2.92674 -1.72901
3.56973 -3.4228 -1.72901
3.5384 -3.67082 -1.296
3.99933 -3.47707 -1.296
3.8002 -3.32592 -0.862987
3.40193 -3.02362 -0.862987
3.2028 -2.87247 -1.296
3.40193 -3.02362 -1.72901
3.8002 -3.32592 -1.72901
3.99933 -3.47707 -1.296
4.062 -2.98101 -1.296
3.83153 -3.07789 -0.862987
3.3706 -3.27165 -0.862987
3.14013 -3.36852 -1.296
3.3706 -3.27165 -1.72901
3.83153 -3.07789 -1.72901
4.062 -2.98101 -1.296
3.66373 -2.67871 -1.296
3.6324 -2.92674 -0.862987
3.56973 -3.4228 -0.862987
3.5384 -3.67082 -1.296
3.56973 -3.4228 -1.72901
3.6324 -2.92674 -1.72901
3.66373 -2.67871 -1.296
3.2028 -2.87247 -1.296
3.40193 -3.02362 -0.862987
3.8002 -3.32592 -0.862987
3.99933 -3.47707 -1.296
3.8002 -3.32592 -1.72901
3.40193 -3.02362 -1.72901
3.2028 -2.87247 -1.296
3.14013 -3.36852 -1.296
3.3706 -3.27165 -0.862987
3.83153 -3.07789 -0.862987
4.062 -2.98101 -1.296
3.83153 -3.07789 -1.72901
3.3706 -3.27165 -1.72901
3.14013 -3.36852 -1.296
3.5384 -3.67082 -1.296
3.56973 -3.4228 -0.862987
3.6324 -2.92674 -0.862987
3.66373 -2.67871 -1.296
3.6324 -2.92674 -1.72901
3.56973 -3.4228 -1.72901
3.5384 -3.67082 -1.296
3.70593 -3.63446 -1.344
3.75277 -3.38889 -0.910987
3.84647 -2.89775 -0.910987
3.89331 -2.65218 -1.344
3.84647 -2.89775 -1.77701
3.75277 -3.38889 -1.77701
3.70593 -3.63446 -1.344
4.17812 -3.47003 -1.344
3.98887 -3.30667 -0.910987
3.61037 -2.97996 -0.910987
3.42112 -2.81661 -1.344
3.61037 -2.97996 -1.77701
3.98887 -3.30667 -1.77701
4.17812 -3.47003 -1.344
4.27181 -2.97889 -1.344
4.03571 -3.0611 -0.910987
3.56353 -3.22554 -0.910987
3.32743 -3.30775 -1.344
3.56353 -3.22554 -1.77701
4.03571 -3.0611 -1.77701
4.27181 -2.97889 -1.344
3.89331 -2.65218 -1.344
3.84647 -2.89775 -0.910987
3.75277 -3.38889 -0.910987
3.70593 -3.63446 -1.344
3.75277 -3.38889 -1.77701
3.84647 -2.89775 -1.77701
3.89331 -2.65218 -1.344
3.42112 -2.81661 -1.344
3.61037 -2.97996 -0.910987
3.98887 -3.30667 -0.910987
4.17812 -3.47003 -1.344
3.98887 -3.30667 -1.77701
3.61037 -2.97996 -1.77701
3.42112 -2.81661 -1.344
3.32743 -3.30775 -1.344
3.56353 -3.22554 -0.910987
4.03571 -3.0611 -0.910987
4.27181 -2.97889 -1.344
4.03571 -3.0611 -1.77701
3.56353 -3.22554 -1.77701
3.32743 -3.30775 -1.344
3.70593 -3.63446 -1.344
3.75277 -3.38889 -0.910987
3.84647 -2.89775 -0.910987
3.89331 -2.65218 -1.344
3.84647 -2.89775 -1.77701
3.75277 -3.38889 -1.77701
3.70593 -3.63446 -1.344
3.87146 -3.58376 -1.392
3.93364 -3.34161 -0.958987
4.05798 -2.85732 -0.958987
4.12015 -2.61517 -1.392
4.05798 -2.85732 -1.82501
3.93364 -3.34161 -1.82501
3.87146 -3.58376 -1.392
4.35304 -3.4493 -1.392
4.17443 -3.27438 -0.958987
3.81719 -2.92455 -0.958987
3.63857 -2.74963 -1.392
3.81719 -2.92455 -1.82501
4.17443 -3.27438 -1.82501
4.35304 -3.4493 -1.392
4.47739 -2.96501 -1.392
4.2366 -3.03224 -0.958987
3.75502 -3.1667 -0.958987
3.51423 -3.23393 -1.392
3.75502 -3.1667 -1.82501
4.2366 -3.03224 -1.82501
4.47739 -2.96501 -1.392
4.12015 -2.61517 -1.392
4.05798 -2.85732 -0.958987
3.93364 -3.34161 -0.958987
3.87146 -3.58376 -1.392
3.93364 -3.34161 -1.82501
4.05798 -2.85732 -1.82501
4.12015 -2.61517 -1.392
3.63857 -2.74963 -1.392
3.81719 -2.92455 -0.958987
4.17443 -3.27438 -0.958987
4.35304 -3.4493 -1.392
4.17443 -3.27438 -1.82501
3.81719 -2.92455 -1.82501
3.63857 -2.74963 -1.392
3.51423 -3.23393 -1.392
3.75502 -3.1667 -0.958987
4.2366 -3.03224 -0.958987
4.47739 -2.96501 -1.392
4.2366 -3.03224 -1.82501
3.75502 -3.1667 -1.82501
3.51423 -3.23393 -1.392
3.87146 -3.58376 -1.392
3.93364 -3.34161 -0.958987
4.05798 -2.85732 -0.958987
4.12015 -2.61517 -1.392
4.05798 -2.85732 -1.82501
3.93364 -3.34161 -1.82501
3.87146 -3.58376 -1.392
4.03435 -3.51891 -1.44
4.1116 -3.28114 -1.00699
4.26611 -2.80562 -1.00699
4.34336 -2.56785 -1.44
4.26611 -2.80562 -1.87301
4.1116 -3.28114 -1.87301
4.03435 -3.51891 -1.44
4.52342 -3.41495 -1.44
4.35614 -3.22917 -1.00699
4.02157 -2.85759 -1.00699
3.85429 -2.67181 -1.44
4.02157 -2.85759 -1.87301
4.35614 -3.22917 -1.87301
4.52342 -3.41495 -1.44
4.67793 -2.93943 -1.44
4.43339 -2.9914 -1.00699
3.94432 -3.09536 -1.00699
3.69978 -3.14734 -1.44
3.94432 -3.09536 -1.87301
4.43339 -2.9914 -1.87301
4.67793 -2.93943 -1.44
4.34336 -2.56785 -1.44
4.26611 -2.80562 -1.00699
4.1116 -3.28114 -1.00699
4.03435 -3.51891 -1.44
4.1116 -3.28114 -1.87301
4.26611 -2.80562 -1.87301
4.34336 -2.56785 -1.44
3.85429 -2.67181 -1.44
4.02157 -2.85759 -1.00699
4.35614 -3.22917 -1.00699
4.52342 -3.41495 -1.44
4.35614 -3.22917 -1.87301
4.02157 -2.85759 -1.87301
3.85429 -2.67181 -1.44
3.69978 -3.14734 -1.44
3.94432 -3.09536 -1.00699
4.43339 -2.9914 -1.00699
4.67793 -2.93943 -1.44
4.43339 -2.9914 -1.87301
3.94432 -3.09536 -1.87301
3.69978 -3.14734 -1.44
4.03435 -3.51891 -1.44
4.1116 -3.28114 -1.00699
4.26611 -2.80562 -1.00699
4.34336 -2.56785 -1.44
4.26611 -2.80562 -1.87301
4.1116 -3.28114 -1.87301
4.03435 -3.51891 -1.44
4.19394 -3.44017 -1.488
4.28597 -3.20773 -1.05499
4.47003 -2.74284 -1.05499
4.56206 -2.5104 -1.488
4.47003 -2.74284 -1.92101
4.28597 -3.20773 -1.92101
4.19394 -3.44017 -1.488
4.68857 -3.36713 -1.488
4.53329 -3.17121 -1.05499
4.22271 -2.77936 -1.05499
4.06742 -2.58344 -1.488
4.22271 -2.77936 -1.92101
4.53329 -3.17121 -1.92101
4.68857 -3.36713 -1.488
4.87263 -2.90224 -1.488
4.62532 -2.93876 -1.05499
4.13068 -3.01181 -1.05499
3.88336 -3.04833 -1.488
4.13068 -3.01181 -1.92101
4.62532 -2.93876 -1.92101
4.87263 -2.90224 -1.488
4.56206 -2.5104 -1.488
4.47003 -2.74284 -1.05499
4.28597 -3.20773 -1.05499
4.19394 -3.44017 -1.488
4.28597 -3.20773 -1.92101
4.47003 -2.74284 -1.92101
4.56206 -2.5104 -1.488
4.06742 -2.58344 -1.488
4.22271 -2.77936 -1.05499
4.53329 -3.17121 -1.05499
4.68857 -3.36713 -1.488
4.53329 -3.17121 -1.92101
4.22271 -2.77936 -1.92101
4.06742 -2.58344 -1.488
3.88336 -3.04833 -1.488
4.13068 -3.01181 -1.05499
4.62532 -2.93876 -1.05499
4.87263 -2.90224 -1.488
4.62532 -2.93876 -1.92101
4.13068 -3.01181 -1.92101
3.88336 -3.04833 -1.488
4.19394 -3.44017 -1.488
4.28597 -3.20773 -1.05499
4.47003 -2.74284 -1.05499
4.56206 -2.5104 -1.488
4.47003 -2.74284 -1.92101
4.28597 -3.20773 -1.92101
4.19394 -3.44017 -1.488
4.3496 -3.34786 -1.536
4.45605 -3.12165 -1.10299
4.66894 -2.66924 -1.10299
4.77538 -2.44303 -1.536
4.66894 -2.66924 -1.96901
4.45605 -3.12165 -1.96901
4.3496 -3.34786 -1.536
4.84785 -3.30602 -1.536
4.70517 -3.10073 -1.10299
4.41982 -2.69016 -1.10299
4.27714 -2.48487 -1.536
4.41982 -2.69016 -1.96901
4.70517 -3.10073 -1.96901
4.84785 -3.30602 -1.536
5.06074 -2.85361 -1.536
4.81162 -2.87453 -1.10299
4.31337 -2.91637 -1.10299
4.06425 -2.93729 -1.536
4.31337 -2.91637 -1.96901
4.81162 -2.87453 -1.96901
5.06074 -2.85361 -1.536
4.77538 -2.44303 -1.536
4.66894 -2.66924 -1.10299
4.45605 -3.12165 -1.10299
4.3496 -3.34786 -1.536
4.45605 -3.12165 -1.96901
4.66894 -2.66924 -1.96901
4.77538 -2.44303 -1.536
4.27714 -2.48487 -1.536
4.41982 -2.69016 -1.10299
4.70517 -3.10073 -1.10299
4.84785 -3.30602 -1.536
4.70517 -3.10073 -1.96901
4.41982 -2.69016 -1.96901
4.27714 -2.48487 -1.536
4.06425 -2.93729 -1.536
4.31337 -2.91637 -1.10299
4.81162 -2.87453 -1.10299
5.06074 -2.85361 -1.536
4.81162 -2.87453 -1.96901
4.31337 -2.91637 -1.96901
4.06425 -2.93729 -1.536
4.3496 -3.34786 -1.536
4.45605 -3.12165 -1.10299
4.66894 -2.66924 -1.10299
4.77538 -2.44303 -1.536
4.66894 -2.66924 -1.96901
4.45605 -3.12165 -1.96901
4.3496 -3.34786 -1.536
4.50073 -3.24233 -1.584
4.62117 -3.02326 -1.15099
4.86205 -2.5851 -1.15099
4.98249 -2.36603 -1.584
4.86205 -2.5851 -2.01701
4.62117 -3.02326 -2.01701
4.50073 -3.24233 -1.584
5.00063 -3.23186 -1.584
4.87112 -3.01802 -1.15099
4.61211 -2.59034 -1.15099
4.4826 -2.3765 -1.584
4.61211 -2.59034 -2.01701
4.87112 -3.01802 -2.01701
5.00063 -3.23186 -1.584
5.2415 -2.79371 -1.584
4.99156 -2.79895 -1.15099
4.49167 -2.80942 -1.15099
4.24172 -2.81465 -1.584
4.49167 -2.80942 -2.01701
4.99156 -2.79895 -2.01701
5.2415 -2.79371 -1.584
4.98249 -2.36603 -1.584
4.86205 -2.5851 -1.15099
4.62117 -3.02326 -1.15099
4.50073 -3.24233 -1.584
4.62117 -3.02326 -2.01701
4.86205 -2.5851 -2.01701
4.98249 -2.36603 -1.584
4.4826 -2.3765 -1.584
4.61211 -2.59034 -1.15099
4.87112 -3.01802 -1.15099
5.00063 -3.23186 -1.584
4.87112 -3.01802 -2.01701
4.61211 -2.59034 -2.01701
4.4826 -2.3765 -1.584
4.24172 -2.81465 -1.584
4.49167 -2.80942 -1.15099
4.99156 -2.79895 -1.15099
5.2415 -2.79371 -1.584
4.99156 -2.79895 -2.01701
4.49167 -2.80942 -2.01701
4.24172 -2.81465 -1.584
4.50073 -3.24233 -1.584
4.62117 -3.02326 -1.15099
4.86205 -2.5851 -1.15099
4.98249 -2.36603 -1.584
4.86205 -2.5851 -2.01701
4.62117 -3.02326 -2.01701
4.50073 -3.24233 -1.584
4.64673 -3.12401 -1.632
4.78069 -2.91293 -1.19899
5.0486 -2.49077 -1.19899
5.18256 -2.27969 -1.632
5.0486 -2.49077 -2.06501
4.78069 -2.91293 -2.06501
4.64673 -3.12401 -1.632
5.14629 -3.14495 -1.632
5.03047 -2.9234 -1.19899
4.79882 -2.4803 -1.19899
4.683 -2.25875 -1.632
4.79882 -2.4803 -2.06501
5.03047 -2.9234 -2.06501
5.14629 -3.14495 -1.632
5.41421 -2.72279 -1.632
5.16443 -2.71232 -1.19899
4.66487 -2.69138 -1.19899
4.41508 -2.68091 -1.632
4.66487 -2.69138 -2.06501
5.16443 -2.71232 -2.06501
5.41421 -2.72279 -1.632
5.18256 -2.27969 -1.632
5.0486 -2.49077 -1.19899
4.78069 -2.91293 -1.19899
4.64673 -3.12401 -1.632
4.78069 -2.91293 -2.06501
5.0486 -2.49077 -2.06501
5.18256 -2.27969 -1.632
4.683 -2.25875 -1.632
4.79882 -2.4803 -1.19899
5.03047 -2.9234 -1.19899
5.14629 -3.14495 -1.632
5.03047 -2.9234 -2.06501
4.79882 -2.4803 -2.06501
4.683 -2.25875 -1.632
4.41508 -2.68091 -1.632
4.66487 -2.69138 -1.19899
5.16443 -2.71232 -1.19899
5.41421 -2.72279 -1.632
5.16443 -2.71232 -2.06501
4.66487 -2.69138 -2.06501
4.41508 -2.68091 -1.632
4.64673 -3.12401 -1.632
4.78069 -2.91293 -1.19899
5.0486 -2.49077 -1.19899
5.18256 -2.27969 -1.632
5.0486 -2.49077 -2.06501
4.78069 -2.91293 -2.06501
4.64673 -3.12401 -1.632
4.78702 -2.99336 -1.68
4.93397 -2.79111 -1.24699
5.22786 -2.3866 -1.24699
5.37481 -2.18435 -1.68
5.22786 -2.3866 -2.11301
4.93397 -2.79111 -2.11301
4.78702 -2.99336 -1.68
5.28428 -3.04563 -1.68
5.1826 -2.81724 -1.24699
4.97923 -2.36047 -1.24699
4.87754 -2.13208 -1.68
4.97923 -2.36047 -2.11301
5.1826 -2.81724 -2.11301
5.28428 -3.04563 -1.68
5.57817 -2.64112 -1.68
5.32954 -2.61499 -1.24699
4.83228 -2.56272 -1.24699
4.58365 -2.53659 -1.68
4.83228 -2.56272 -2.11301
5.32954 -2.61499 -2.11301
5.57817 -2.64112 -1.68
5.37481 -2.18435 -1.68
5.22786 -2.3866 -1.24699
4.93397 -2.79111 -1.24699
4.78702 -2.99336 -1.68
4.93397 -2.79111 -2.11301
5.22786 -2.3866 -2.11301
5.37481 -2.18435 -1.68
4.87754 -2.13208 -1.68
4.97923 -2.36047 -1.24699
5.1826 -2.81724 -1.24699
5.28428 -3.04563 -1.68
5.1826 -2.81724 -2.11301
4.97923 -2.36047 -2.11301
4.87754 -2.13208 -1.68
4.58365 -2.53659 -1.68
4.83228 -2.56272 -1.24699
5.32954 -2.61499 -1.24699
5.57817 -2.64112 -1.68
5.32954 -2.61499 -2.11301
4.83228 -2.56272 -2.11301
4.58365 -2.53659 -1.68
4.78702 -2.99336 -1.68
4.93397 -2.79111 -1.24699
5.22786 -2.3866 -1.24699
5.37481 -2.18435 -1.68
5.22786 -2.3866 -2.11301
4.93397 -2.79111 -2.11301
4.78702 -2.99336 -1.68
4.92104 -2.8509 -1.728
5.0804 -2.65827 -1.29499
5.39911 -2.27301 -1.29499
5.55847 -2.08039 -1.728
5.39911 -2.27301 -2.16101
5.0804 -2.65827 -2.16101
4.92104 -2.8509 -1.728
5.41404 -2.93428 -1.728
5.3269 -2.69996 -1.29499
5.15261 -2.23132 -1.29499
5.06547 -1.997 -1.728
5.15261 -2.23132 -2.16101
5.3269 -2.69996 -2.16101
5.41404 -2.93428 -1.728
5.73275 -2.54903 -1.728
5.48626 -2.50733 -1.29499
4.99326 -2.42395 -1.29499
4.74676 -2.38226 -1.728
4.99326 -2.42395 -2.16101
5.48626 -2.50733 -2.16101
5.73275 -2.54903 -1.728
5.55847 -2.08039 -1.728
5.39911 -2.27301 -1.29499
5.0804 -2.65827 -1.29499
4.92104 -2.8509 -1.728
5.0804 -2.65827 -2.16101
5.39911 -2.27301 -2.16101
5.55847 -2.08039 -1.728
5.06547 -1.997 -1.728
5.15261 -2.23132 -1.29499
5.3269 -2.69996 -1.29499
5.41404 -2.93428 -1.728
5.3269 -2.69996 -2.16101
5.15261 -2.23132 -2.16101
5.06547 -1.997 -1.728
4.74676 -2.38226 -1.728
4.99326 -2.42395 -1.29499
5.48626 -2.50733 -1.29499
5.73275 -2.54903 -1.728
5.48626 -2.50733 -2.16101
4.99326 -2.42395 -2.16101
4.74676 -2.38226 -1.728
4.92104 -2.8509 -1.728
5.0804 -2.65827 -1.29499
5.39911 -2.27301 -1.29499
5.55847 -2.08039 -1.728
5.39911 -2.27301 -2.16101
5.0804 -2.65827 -2.16101
4.92104 -2.8509 -1.728
5.04828 -2.69718 -1.776
5.21941 -2.51494 -1.34299
5.56169 -2.15046 -1.34299
5.73282 -1.96822 -1.776
5.56169 -2.15046 -2.20901
5.21941 -2.51494 -2.20901
5.04828 -2.69718 -1.776
5.53507 -2.81136 -1.776
5.46281 -2.57203 -1.34299
5.31829 -2.09337 -1.34299
5.24603 -1.85404 -1.776
5.31829 -2.09337 -2.20901
5.46281 -2.57203 -2.20901
5.53507 -2.81136 -1.776
5.87734 -2.44688 -1.776
5.63395 -2.38979 -1.34299
5.14716 -2.27561 -1.34299
4.90376 -2.21852 -1.776
5.14716 -2.27561 -2.20901
5.63395 -2.38979 -2.20901
5.87734 -2.44688 -1.776
5.73282 -1.96822 -1.776
5.56169 -2.15046 -1.34299
5.21941 -2.51494 -1.34299
5.04828 -2.69718 -1.776
5.21941 -2.51494 -2.20901
5.56169 -2.15046 -2.20901
5.73282 -1.96822 -1.776
5.24603 -1.85404 -1.776
5.31829 -2.09337 -1.34299
5.46281 -2.57203 -1.34299
5.53507 -2.81136 -1.776
5.46281 -2.57203 -2.20901
5.31829 -2.09337 -2.20901
5.24603 -1.85404 -1.776
4.90376 -2.21852 -1.776
5.14716 -2.27561 -1.34299
5.63395 -2.38979 -1.34299
5.87734 -2.44688 -1.776
5.63395 -2.38979 -2.20901
5.14716 -2.27561 -2.20901
4.90376 -2.21852 -1.776
5.04828 -2.69718 -1.776
5.21941 -2.51494 -1.34299
5.56169 -2.15046 -1.34299
5.73282 -1.96822 -1.776
5.56169 -2.15046 -2.20901
5.21941 -2.51494 -2.20901
5.04828 -2.69718 -1.776
5.16822 -2.53282 -1.824
5.35046 -2.36169 -1.39099
5.71494 -2.01941 -1.39099
5.89718 -1.84828 -1.824
5.71494 -2.01941 -2.25701
5.35046 -2.36169 -2.25701
5.16822 -2.53282 -1.824
5.64688 -2.67734 -1.824
5.58979 -2.43395 -1.39099
5.47561 -1.94716 -1.39099
5.41852 -1.70376 -1.824
5.47561 -1.94716 -2.25701
5.58979 -2.43395 -2.25701
5.64688 -2.67734 -1.824
6.01136 -2.33507 -1.824
5.77203 -2.26281 -1.39099
5.29337 -2.11829 -1.39099
5.05404 -2.04603 -1.824
5.29337 -2.11829 -2.25701
5.77203 -2.26281 -2.25701
6.01136 -2.33507 -1.824
5.89718 -1.84828 -1.824
5.71494 -2.01941 -1.39099
5.35046 -2.36169 -1.39099
5.16822 -2.53282 -1.824
5.35046 -2.36169 -2.25701
5.71494 -2.01941 -2.25701
5.89718 -1.84828 -1.824
5.41852 -1.70376 -1.824
5.47561 -1.94716 -1.39099
5.58979 -2.43395 -1.39099
5.64688 -2.67734 -1.824
5.58979 -2.43395 -2.25701
5.47561 -1.94716 -2.25701
5.41852 -1.70376 -1.824
5.05404 -2.04603 -1.824
5.29337 -2.11829 -1.39099
5.77203 -2.26281 -1.39099
6.01136 -2.33507 -1.824
5.77203 -2.26281 -2.25701
5.29337 -2.11829 -2.25701
5.05404 -2.04603 -1.824
5.16822 -2.53282 -1.824
5.35046 -2.36169 -1.39099
5.71494 -2.01941 -1.39099
5.89718 -1.84828 -1.824
5.71494 -2.01941 -2.25701
5.35046 -2.36169 -2.25701
5.16822 -2.53282 -1.824
5.28039 -2.35847 -1.872
5.47301 -2.19911 -1.43899
5.85827 -1.8804 -1.43899
6.0509 -1.72104 -1.872
5.85827 -1.8804 -2.30501
5.47301 -2.19911 -2.30501
5.28039 -2.35847 -1.872
5.74903 -2.53275 -1.872
5.70733 -2.28626 -1.43899
5.62395 -1.79326 -1.43899
5.58226 -1.54676 -1.872
5.62395 -1.79326 -2.30501
5.70733 -2.28626 -2.30501
5.74903 -2.53275 -1.872
6.13428 -2.21404 -1.872
5.89996 -2.1269 -1.43899
5.43132 -1.95261 -1.43899
5.197 -1.86547 -1.872
5.43132 -1.95261 -2.30501
5.89996 -2.1269 -2.30501
6.13428 -2.21404 -1.872
6.0509 -1.72104 -1.872
5.85827 -1.8804 -1.43899
5.47301 -2.19911 -1.43899
5.28039 -2.35847 -1.872
5.47301 -2.19911 -2.30501
5.85827 -1.8804 -2.30501
6.0509 -1.72104 -1.872
5.58226 -1.54676 -1.872
5.62395 -1.79326 -1.43899
5.70733 -2.28626 -1.43899
5.74903 -2.53275 -1.872
5.70733 -2.28626 -2.30501
5.62395 -1.79326 -2.30501
5.58226 -1.54676 -1.872
5.197 -1.86547 -1.872
5.43132 -1.95261 -1.43899
5.89996 -2.1269 -1.43899
6.13428 -2.21404 -1.872
5.89996 -2.1269 -2.30501
5.43132 -1.95261 -2.30501
5.197 -1.86547 -1.872
5.28039 -2.35847 -1.872
5.47301 -2.19911 -1.43899
5.85827 -1.8804 -1.43899
6.0509 -1.72104 -1.872
5.85827 -1.8804 -2.30501
5.47301 -2.19911 -2.30501
5.28039 -2.35847 -1.872
5.38435 -2.17481 -1.92
5.5866 -2.02786 -1.48699
5.99111 -1.73397 -1.48699
6.19336 -1.58702 -1.92
5.99111 -1.73397 -2.35301
5.5866 -2.02786 -2.35301
5.38435 -2.17481 -1.92
5.84112 -2.37817 -1.92
5.81499 -2.12954 -1.48699
5.76272 -1.63228 -1.48699
5.73659 -1.38365 -1.92
5.76272 -1.63228 -2.35301
5.81499 -2.12954 -2.35301
5.84112 -2.37817 -1.92
6.24563 -2.08428 -1.92
6.01724 -1.9826 -1.48699
5.56047 -1.77923 -1.48699
5.33208 -1.67754 -1.92
5.56047 -1.77923 -2.35301
6.01724 -1.9826 -2.35301
6.24563 -2.08428 -1.92
6.19336 -1.58702 -1.92
5.99111 -1.73397 -1.48699
5.5866 -2.02786 -1.48699
5.38435 -2.17481 -1.92
5.5866 -2.02786 -2.35301
5.99111 -1.73397 -2.35301
6.19336 -1.58702 -1.92
5.73659 -1.38365 -1.92
5.76272 -1.63228 -1.48699
5.81499 -2.12954 -1.48699
5.84112 -2.37817 -1.92
5.81499 -2.12954 -2.35301
5.76272 -1.63228 -2.35301
5.73659 -1.38365 -1.92
5.33208 -1.67754 -1.92
5.56047 -1.77923 -1.48699
6.01724 -1.9826 -1.48699
6.24563 -2.08428 -1.92
6.01724 -1.9826 -2.35301
5.56047 -1.77923 -2.35301
5.33208 -1.67754 -1.92
5.38435 -2.17481 -1.92
5.5866 -2.02786 -1.48699
5.99111 -1.73397 -1.48699
6.19336 -1.58702 -1.92
5.99111 -1.73397 -2.35301
5.5866 -2.02786 -2.35301
5.38435 -2.17481 -1.92
5.47969 -1.98256 -1.968
5.69077 -1.8486 -1.53499
6.11293 -1.58069 -1.53499
6.32401 -1.44673 -1.968
6.11293 -1.58069 -2.40101
5.69077 -1.8486 -2.40101
5.47969 -1.98256 -1.968
5.92279 -2.21421 -1.968
5.91232 -1.96443 -1.53499
5.89138 -1.46487 -1.53499
5.88091 -1.21508 -1.968
5.89138 -1.46487 -2.40101
5.91232 -1.96443 -2.40101
5.92279 -2.21421 -1.968
6.34495 -1.94629 -1.968
6.1234 -1.83047 -1.53499
5.6803 -1.59882 -1.53499
5.45875 -1.483 -1.968
5.6803 -1.59882 -2.40101
6.1234 -1.83047 -2.40101
6.34495 -1.94629 -1.968
6.32401 -1.44673 -1.968
6.11293 -1.58069 -1.53499
5.69077 -1.8486 -1.53499
5.47969 -1.98256 -1.968
5.69077 -1.8486 -2.40101
6.11293 -1.58069 -2.40101
6.32401 -1.44673 -1.968
5.88091 -1.21508 -1.968
5.89138 -1.46487 -1.53499
5.91232 -1.96443 -1.53499
5.92279 -2.21421 -1.968
5.91232 -1.96443 -2.40101
5.89138 -1.46487 -2.40101
5.88091 -1.21508 -1.968
5.45875 -1.483 -1.968
5.6803 -1.59882 -1.53499
6.1234 -1.83047 -1.53499
6.34495 -1.94629 -1.968
6.1234 -1.83047 -2.40101
5.6803 -1.59882 -2.40101
5.45875 -1.483 -1.968
5.47969 -1.98256 -1.968
5.69077 -1.8486 -1.53499
6.11293 -1.58069 -1.53499
6.32401 -1.44673 -1.968
6.11293 -1.58069 -2.40101
5.69077 -1.8486 -2.40101
5.47969 -1.98256 -1.968
5.56603 -1.78249 -2.016
5.7851 -1.66205 -1.58299
6.22326 -1.42117 -1.58299
6.44233 -1.30073 -2.016
6.22326 -1.42117 -2.44901
5.7851 -1.66205 -2.44901
5.56603 -1.78249 -2.016
5.99371 -2.0415 -2.016
5.99895 -1.79156 -1.58299
6.00942 -1.29167 -1.58299
6.01465 -1.04172 -2.016
6.00942 -1.29167 -2.44901
5.99895 -1.79156 -2.44901
5.99371 -2.0415 -2.016
6.43186 -1.80063 -2.016
6.21802 -1.67112 -1.58299
5.79034 -1.41211 -1.58299
5.5765 -1.2826 -2.016
5.79034 -1.41211 -2.44901
6.21802 -1.67112 -2.44901
6.43186 -1.80063 -2.016
6.44233 -1.30073 -2.016
6.22326 -1.42117 -1.58299
5.7851 -1.66205 -1.58299
5.56603 -1.78249 -2.016
5.7851 -1.66205 -2.44901
6.22326 -1.42117 -2.44901
6.44233 -1.30073 -2.016
6.01465 -1.04172 -2.016
6.00942 -1.29167 -1.58299
5.99895 -1.79156 -1.58299
5.99371 -2.0415 -2.016
5.99895 -1.79156 -2.44901
6.00942 -1.29167 -2.44901
6.01465 -1.04172 -2.016
5.5765 -1.2826 -2.016
5.79034 -1.41211 -1.58299
6.21802 -1.67112 -1.58299
6.43186 -1.80063 -2.016
6.21802 -1.67112 -2.44901
5.79034 -1.41211 -2.44901
5.5765 -1.2826 -2.016
5.56603 -1.78249 -2.016
5.7851 -1.66205 -1.58299
6.22326 -1.42117 -1.58299
6.44233 -1.30073 -2.016
6.22326 -1.42117 -2.44901
5.7851 -1.66205 -2.44901
5.56603 -1.78249 -2.016
5.64303 -1.57538 -2.064
5.86924 -1.46894 -1.63099
6.32165 -1.25605 -1.63099
6.54786 -1.1496 -2.064
6.32165 -1.25605 -2.49701
5.86924 -1.46894 -2.49701
5.64303 -1.57538 -2.064
6.05361 -1.86074 -2.064
6.07453 -1.61162 -1.63099
6.11637 -1.11337 -1.63099
6.13729 -0.864247 -2.064
6.11637 -1.11337 -2.49701
6.07453 -1.61162 -2.49701
6.05361 -1.86074 -2.064
6.50602 -1.64785 -2.064
6.30073 -1.50517 -1.63099
5.89016 -1.21982 -1.63099
5.68487 -1.07714 -2.064
5.89016 -1.21982 -2.49701
6.30073 -1.50517 -2.49701
6.50602 -1.64785 -2.064
6.54786 -1.1496 -2.064
6.32165 -1.25605 -1.63099
5.86924 -1.46894 -1.63099
5.64303 -1.57538 -2.064
5.86924 -1.46894 -2.49701
6.32165 -1.25605 -2.49701
6.54786 -1.1496 -2.064
6.13729 -0.864247 -2.064
6.11637 -1.11337 -1.63099
6.07453 -1.61162 -1.63099
6.05361 -1.86074 -2.064
6.07453 -1.61162 -2.49701
6.11637 -1.11337 -2.49701
6.13729 -0.864247 -2.064
5.68487 -1.07714 -2.064
5.89016 -1.21982 -1.63099
6.30073 -1.50517 -1.63099
6.50602 -1.64785 -2.064
6.30073 -1.50517 -2.49701
5.89016 -1.21982 -2.49701
5.68487 -1.07714 -2.064
5.64303 -1.57538 -2.064
5.86924 -1.46894 -1.63099
6.32165 -1.25605 -1.63099
6.54786 -1.1496 -2.064
6.32165 -1.25605 -2.49701
5.86924 -1.46894 -2.49701
5.64303 -1.57538 -2.064
5.7104 -1.36206 -2.112
5.94284 -1.27003 -1.67899
6.40773 -1.08597 -1.67899
6.64017 -0.993936 -2.112
6.40773 -1.08597 -2.54501
5.94284 -1.27003 -2.54501
5.7104 -1.36206 -2.112
6.10224 -1.67263 -2.112
6.13876 -1.42532 -1.67899
6.21181 -0.93068 -1.67899
6.24833 -0.683362 -2.112
6.21181 -0.93068 -2.54501
6.13876 -1.42532 -2.54501
6.10224 -1.67263 -2.112
6.56713 -1.48857 -2.112
6.37121 -1.33329 -1.67899
5.97936 -1.02271 -1.67899
5.78344 -0.867425 -2.112
5.97936 -1.02271 -2.54501
6.37121 -1.33329 -2.54501
6.56713 -1.48857 -2.112
6.64017 -0.993936 -2.112
6.40773 -1.08597 -1.67899
5.94284 -1.27003 -1.67899
5.7104 -1.36206 -2.112
5.94284 -1.27003 -2.54501
6.40773 -1.08597 -2.54501
6.64017 -0.993936 -2.112
6.24833 -0.683362 -2.112
6.21181 -0.93068 -1.67899
6.13876 -1.42532 -1.67899
6.10224 -1.67263 -2.112
6.13876 -1.42532 -2.54501
6.21181 -0.93068 -2.54501
6.24833 -0.683362 -2.112
5.78344 -0.867425 -2.112
5.97936 -1.02271 -1.67899
6.37121 -1.33329 -1.67899
6.56713 -1.48857 -2.112
6.37121 -1.33329 -2.54501
5.97936 -1.02271 -2.54501
5.78344 -0.867425 -2.112
5.7104 -1.36206 -2.112
5.94284 -1.27003 -1.67899
6.40773 -1.08597 -1.67899
6.64017 -0.993936 -2.112
6.40773 -1.08597 -2.54501
5.94284 -1.27003 -2.54501
5.7104 -1.36206 -2.112
5.76785 -1.14336 -2.16
6.00562 -1.06611 -1.72699
6.48114 -0.9116 -1.72699
6.71891 -0.834346 -2.16
6.48114 -0.9116 -2.59301
6.00562 -1.06611 -2.59301
5.76785 -1.14336 -2.16
6.13943 -1.47793 -2.16
6.1914 -1.23339 -1.72699
6.29536 -0.744317 -1.72699
6.34734 -0.499781 -2.16
6.29536 -0.744317 -2.59301
6.1914 -1.23339 -2.59301
6.13943 -1.47793 -2.16
6.61495 -1.32342 -2.16
6.42917 -1.15614 -1.72699
6.05759 -0.821572 -1.72699
5.87181 -0.654289 -2.16
6.05759 -0.821572 -2.59301
6.42917 -1.15614 -2.59301
6.61495 -1.32342 -2.16
6.71891 -0.834346 -2.16
6.48114 -0.9116 -1.72699
6.00562 -1.06611 -1.72699
5.76785 -1.14336 -2.16
6.00562 -1.06611 -2.59301
6.48114 -0.9116 -2.59301
6.71891 -0.834346 -2.16
6.34734 -0.499781 -2.16
6.29536 -0.744317 -1.72699
6.1914 -1.23339 -1.72699
6.13943 -1.47793 -2.16
6.1914 -1.23339 -2.59301
6.29536 -0.744317 -2.59301
6.34734 -0.499781 -2.16
5.87181 -0.654289 -2.16
6.05759 -0.821572 -1.72699
6.42917 -1.15614 -1.72699
6.61495 -1.32342 -2.16
6.42917 -1.15614 -2.59301
6.05759 -0.821572 -2.59301
5.87181 -0.654289 -2.16
5.76785 -1.14336 -2.16
6.00562 -1.06611 -1.72699
6.48114 -0.9116 -1.72699
6.71891 -0.834346 -2.16
6.48114 -0.9116 -2.59301
6.00562 -1.06611 -2.59301
5.76785 -1.14336 -2.16
5.81517 -0.920153 -2.208
6.05732 -0.85798 -1.77499
6.54161 -0.733635 -1.77499
6.78376 -0.671463 -2.208
6.54161 -0.733635 -2.64101
6.05732 -0.85798 -2.64101
5.81517 -0.920153 -2.208
6.16501 -1.27739 -2.208
6.23224 -1.0366 -1.77499
6.3667 -0.555017 -1.77499
6.43393 -0.314226 -2.208
6.3667 -0.555017 -2.64101
6.23224 -1.0366 -2.64101
6.16501 -1.27739 -2.208
6.6493 -1.15304 -2.208
6.47438 -0.974426 -1.77499
6.12455 -0.617189 -1.77499
5.94963 -0.438571 -2.208
6.12455 -0.617189 -2.64101
6.47438 -0.974426 -2.64101
6.6493 -1.15304 -2.208
6.78376 -0.671463 -2.208
6.54161 -0.733635 -1.77499
6.05732 -0.85798 -1.77499
5.81517 -0.920153 -2.208
6.05732 -0.85798 -2.64101
6.54161 -0.733635 -2.64101
6.78376 -0.671463 -2.208
6.43393 -0.314226 -2.208
6.3667 -0.555017 -1.77499
6.23224 -1.0366 -1.77499
6.16501 -1.27739 -2.208
6.23224 -1.0366 -2.64101
6.3667 -0.555017 -2.64101
6.43393 -0.314226 -2.208
5.94963 -0.438571 -2.208
6.12455 -0.617189 -1.77499
6.47438 -0.974426 -1.77499
6.6493 -1.15304 -2.208
6.47438 -0.974426 -2.64101
6.12455 -0.617189 -2.64101
5.94963 -0.438571 -2.208
5.81517 -0.920153 -2.208
6.05732 -0.85798 -1.77499
6.54161 -0.733635 -1.77499
6.78376 -0.671463 -2.208
6.54161 -0.733635 -2.64101
6.05732 -0.85798 -2.64101
5.81517 -0.920153 -2.208
5.85218 -0.693311 -2.256
6.09775 -0.646466 -1.82299
6.58889 -0.552775 -1.82299
6.83446 -0.50593 -2.256
6.58889 -0.552775 -2.68901
6.09775 -0.646466 -2.68901
5.85218 -0.693311 -2.256
6.17889 -1.07181 -2.256
6.2611 -0.835714 -1.82299
6.42554 -0.363526 -1.82299
6.50775 -0.127432 -2.256
6.42554 -0.363526 -2.68901
6.2611 -0.835714 -2.68901
6.17889 -1.07181 -2.256
6.67003 -0.978118 -2.256
6.50667 -0.788869 -1.82299
6.17996 -0.410371 -1.82299
6.01661 -0.221123 -2.256
6.17996 -0.410371 -2.68901
6.50667 -0.788869 -2.68901
6.67003 -0.978118 -2.256
6.83446 -0.50593 -2.256
6.58889 -0.552775 -1.82299
6.09775 -0.646466 -1.82299
5.85218 -0.693311 -2.256
6.09775 -0.646466 -2.68901
6.58889 -0.552775 -2.68901
6.83446 -0.50593 -2.256
6.50775 -0.127432 -2.256
6.42554 -0.363526 -1.82299
6.2611 -0.835714 -1.82299
6.17889 -1.07181 -2.256
6.2611 -0.835714 -2.68901
6.42554 -0.363526 -2.68901
6.50775 -0.127432 -2.256
6.01661 -0.221123 -2.256
6.17996 -0.410371 -1.82299
6.50667 -0.788869 -1.82299
6.67003 -0.978118 -2.256
6.50667 -0.788869 -2.68901
6.17996 -0.410371 -2.68901
6.01661 -0.221123 -2.256
5.85218 -0.693311 -2.256
6.09775 -0.646466 -1.82299
6.58889 -0.552775 -1.82299
6.83446 -0.50593 -2.256
6.58889 -0.552775 -2.68901
6.09775 -0.646466 -2.68901
5.85218 -0.693311 -2.256
5.87871 -0.463733 -2.304
6.12674 -0.4324 -1.87099
6.6228 -0.369733 -1.87099
6.87082 -0.3384 -2.304
6.6228 -0.369733 -2.73701
6.12674 -0.4324 -2.73701
5.87871 -0.463733 -2.304
6.18101 -0.861998 -2.304
6.27789 -0.631532 -1.87099
6.47165 -0.170601 -1.87099
6.56852 0.0598652 -2.304
6.47165 -0.170601 -2.73701
6.27789 -0.631532 -2.73701
6.18101 -0.861998 -2.304
6.67707 -0.799331 -2.304
6.52592 -0.600199 -1.87099
6.22362 -0.201934 -1.87099
6.07247 -0.00280139 -2.304
6.22362 -0.201934 -2.73701
6.52592 -0.600199 -2.73701
6.67707 -0.799331 -2.304
6.87082 -0.3384 -2.304
6.6228 -0.369733 -1.87099
6.12674 -0.4324 -1.87099
5.87871 -0.463733 -2.304
6.12674 -0.4324 -2.73701
6.6228 -0.369733 -2.73701
6.87082 -0.3384 -2.304
6.56852 0.0598652 -2.304
6.47165 -0.170601 -1.87099
6.27789 -0.631532 -1.87099
6.18101 -0.861998 -2.304
6.27789 -0.631532 -2.73701
6.47165 -0.170601 -2.73701
6.56852 0.0598652 -2.304
6.07247 -0.00280139 -2.304
6.22362 -0.201934 -1.87099
6.52592 -0.600199 -1.87099
6.67707 -0.799331 -2.304
6.52592 -0.600199 -2.73701
6.22362 -0.201934 -2.73701
6.07247 -0.00280139 -2.304
5.87871 -0.463733 -2.304
6.12674 -0.4324 -1.87099
6.6228 -0.369733 -1.87099
6.87082 -0.3384 -2.304
6.6228 -0.369733 -2.73701
6.12674 -0.4324 -2.73701
5.87871 -0.463733 -2.304
5.89467 -0.232325 -2.352
6.14418 -0.216627 -1.91899
6.64319 -0.185232 -1.91899
6.8927 -0.169534 -2.352
6.64319 -0.185232 -2.78501
6.14418 -0.216627 -2.78501
5.89467 -0.232325 -2.352
6.17137 -0.648786 -2.352
6.28253 -0.424858 -1.91899
6.50484 0.0229983 -1.91899
6.616 0.246926 -2.352
6.50484 0.0229983 -2.78501
6.28253 -0.424858 -2.78501
6.17137 -0.648786 -2.352
6.67038 -0.61739 -2.352
6.53203 -0.40916 -1.91899
6.25534 0.00730065 -1.91899
6.11699 0.215531 -2.352
6.25534 0.00730065 -2.78501
6.53203 -0.40916 -2.78501
6.67038 -0.61739 -2.352
6.8927 -0.169534 -2.352
6.64319 -0.185232 -1.91899
6.14418 -0.216627 -1.91899
5.89467 -0.232325 -2.352
6.14418 -0.216627 -2.78501
6.64319 -0.185232 -2.78501
6.8927 -0.169534 -2.352
6.616 0.246926 -2.352
6.50484 0.0229983 -1.91899
6.28253 -0.424858 -1.91899
6.17137 -0.648786 -2.352
6.28253 -0.424858 -2.78501
6.50484 0.0229983 -2.78501
6.616 0.246926 -2.352
6.11699 0.215531 -2.352
6.25534 0.00730065 -1.91899
6.53203 -0.40916 -1.91899
6.67038 -0.61739 -2.352
6.53203 -0.40916 -2.78501
6.25534 0.00730065 -2.78501
6.11699 0.215531 -2.352
5.89467 -0.232325 -2.352
6.14418 -0.216627 -1.91899
6.64319 -0.185232 -1.91899
6.8927 -0.169534 -2.352
6.64319 -0.185232 -2.78501
6.14418 -0.216627 -2.78501
5.89467 -0.232325 -2.352
5.9 -5.38251e-15 -2.4
6.15 -5.01883e-15 -1.96699
6.65 -4.29146e-15 -1.96699
6.9 -3.92778e-15 -2.4
6.65 -4.29146e-15 -2.83301
6.15 -5.01883e-15 -2.83301
5.9 -5.38251e-15 -2.4
6.15 -0.433013 -2.4
6.275 -0.216506 -1.96699
6.525 0.216506 -1.96699
6.65 0.433013 -2.4
6.525 0.216506 -2.83301
6.275 -0.216506 -2.83301
6.15 -0.433013 -2.4
6.65 -0.433013 -2.4
6.525 -0.216506 -1.96699
6.275 0.216506 -1.96699
6.15 0.433013 -2.4
6.275 0.216506 -2.83301
6.525 -0.216506 -2.83301
6.65 -0.433013 -2.4
6.9 -3.98901e-15 -2.4
6.65 -4.32208e-15 -1.96699
6.15 -4.98821e-15 -1.96699
5.9 -5.32128e-15 -2.4
6.15 -4.98821e-15 -2.83301
6.65 -4.32208e-15 -2.83301
6.9 -3.98901e-15 -2.4
6.65 0.433013 -2.4
6.525 0.216506 -1.96699
6.275 -0.216506 -1.96699
6.15 -0.433013 -2.4
6.275 -0.216506 -2.83301
6.525 0.216506 -2.83301
6.65 0.433013 -2.4
6.15 0.433013 -2.4
6.275 0.216506 -1.96699
6.525 -0.216506 -1.96699
6.65 -0.433013 -2.4
6.525 -0.216506 -2.83301
6.275 0.216506 -2.83301
6.15 0.433013 -2.4
5.9 -4.81596e-15 -2.4
6.15 -4.73555e-15 -1.96699
6.65 -4.57474e-15 -1.96699
6.9 -4.49433e-15 -2.4
6.65 -4.57474e-15 -2.83301
6.15 -4.73555e-15 -2.83301
5.9 -4.81596e-15 -2.4
5.89467 0.232325 -2.448
6.14418 0.216627 -2.01499
6.64319 0.185232 -2.01499
6.8927 0.169534 -2.448
6.64319 0.185232 -2.88101
6.14418 0.216627 -2.88101
5.89467 0.232325 -2.448
6.11699 -0.215531 -2.448
6.25534 -0.00730065 -2.01499
6.53203 0.40916 -2.01499
6.67038 0.61739 -2.448
6.53203 0.40916 -2.88101
6.25534 -0.00730065 -2.88101
6.11699 -0.215531 -2.448
6.616 -0.246926 -2.448
6.50484 -0.0229983 -2.01499
6.28253 0.424858 -2.01499
6.17137 0.648786 -2.448
6.28253 0.424858 -2.88101
6.50484 -0.0229983 -2.88101
6.616 -0.246926 -2.448
6.8927 0.169534 -2.448
6.64319 0.185232 -2.01499
6.14418 0.216627 -2.01499
5.89467 0.232325 -2.448
6.14418 0.216627 -2.88101
6.64319 0.185232 -2.88101
6.8927 0.169534 -2.448
6.67038 0.61739 -2.448
6.53203 0.40916 -2.01499
6.25534 -0.00730065 -2.01499
6.11699 -0.215531 -2.448
6.25534 -0.00730065 -2.88101
6.53203 0.40916 -2.88101
6.67038 0.61739 -2.448
6.17137 0.648786 -2.448
6.28253 0.424858 -2.01499
6.50484 -0.0229983 -2.01499
6.616 -0.246926 -2.448
6.50484 -0.0229983 -2.88101
6.28253 0.424858 -2.88101
6.17137 0.648786 -2.448
5.89467 0.232325 -2.448
6.14418 0.216627 -2.01499
6.64319 0.185232 -2.01499
6.8927 0.169534 -2.448
6.64319 0.185232 -2.88101
6.14418 0.216627 -2.88101
5.89467 0.232325 -2.448
5.87871 0.463733 -2.496
6.12674 0.4324 -2.06299
6.6228 0.369733 -2.06299
6.87082 0.3384 -2.496
6.6228 0.369733 -2.92901
6.12674 0.4324 -2.92901
5.87871 0.463733 -2.496
6.07247 0.00280139 -2.496
6.22362 0.201934 -2.06299
6.52592 0.600199 -2.06299
6.67707 0.799331 -2.496
6.52592 0.600199 -2.92901
6.22362 0.201934 -2.92901
6.07247 0.00280139 -2.496
6.56852 -0.0598652 -2.496
6.47165 0.170601 -2.06299
6.27789 0.631532 -2.06299
6.18101 0.861998 -2.496
6.27789 0.631532 -2.92901
6.47165 0.170601 -2.92901
6.56852 -0.0598652 -2.496
6.87082 0.3384 -2.496
6.6228 0.369733 -2.06299
6.12674 0.4324 -2.06299
5.87871 0.463733 -2.496
6.12674 0.4324 -2.92901
6.6228 0.369733 -2.92901
6.87082 0.3384 -2.496
6.67707 0.799331 -2.496
6.52592 0.600199 -2.06299
6.22362 0.201934 -2.06299
6.07247 0.00280139 -2.496
6.22362 0.201934 -2.92901
6.52592 0.600199 -2.92901
6.67707 0.799331 -2.496
6.18101 0.861998 -2.496
6.27789 0.631532 -2.06299
6.47165 0.170601 -2.06299
6.56852 -0.0598652 -2.496
6.47165 0.170601 -2.92901
6.27789 0.631532 -2.92901
6.18101 0.861998 -2.496
5.87871 0.463733 -2.496
6.12674 0.4324 -2.06299
6.6228 0.369733 -2.06299
6.87082 0.3384 -2.496
6.6228 0.369733 -2.92901
6.12674 0.4324 -2.92901
5.87871 0.463733 -2.496
5.85218 0.693311 -2.544
6.09775 0.646466 -2.11099
6.58889 0.552775 -2.11099
6.83446 0.50593 -2.544
6.58889 0.552775 -2.97701
6.09775 0.646466 -2.97701
5.85218 0.693311 -2.544
6.01661 0.221123 -2.544
6.17996 0.410371 -2.11099
6.50667 0.788869 -2.11099
6.67003 0.978118 -2.544
6.50667 0.788869 -2.97701
6.17996 0.410371 -2.97701
6.01661 0.221123 -2.544
6.50775 0.127432 -2.544
6.42554 0.363526 -2.11099
6.2611 0.835714 -2.11099
6.17889 1.07181 -2.544
6.2611 0.835714 -2.97701
6.42554 0.363526 -2.97701
6.50775 0.127432 -2.544
6.83446 0.50593 -2.544
6.58889 0.552775 -2.11099
6.09775 0.646466 -2.11099
5.85218 0.693311 -2.544
6.09775 0.646466 -2.97701
6.58889 0.552775 -2.97701
6.83446 0.50593 -2.544
6.67003 0.978118 -2.544
6.50667 0.788869 -2.11099
6.17996 0.410371 -2.11099
6.01661 0.221123 -2.544
6.17996 0.410371 -2.97701
6.50667 0.788869 -2.97701
6.67003 0.978118 -2.544
6.17889 1.07181 -2.544
6.2611 0.835714 -2.11099
6.42554 0.363526 -2.11099
6.50775 0.127432 -2.544
6.42554 0.363526 -2.97701
6.2611 0.835714 -2.97701
6.17889 1.07181 -2.544
5.85218 0.693311 -2.544
6.09775 0.646466 -2.11099
6.58889 0.552775 -2.11099
6.83446 0.50593 -2.544
6.58889 0.552775 -2.97701
6.09775 0.646466 -2.97701
5.85218 0.693311 -2.544
5.81517 0.920153 -2.592
6.05732 0.85798 -2.15899
6.54161 0.733635 -2.15899
6.78376 0.671463 -2.592
6.54161 0.733635 -3.02501
6.05732 0.85798 -3.02501
5.81517 0.920153 -2.592
5.94963 0.438571 -2.592
6.12455 0.617189 -2.15899
6.47438 0.974426 -2.15899
6.6493 1.15304 -2.592
6.47438 0.974426 -3.02501
6.12455 0.617189 -3.02501
5.94963 0.438571 -2.592
6.43393 0.314226 -2.592
6.3667 0.555017 -2.15899
6.23224 1.0366 -2.15899
6.16501 1.27739 -2.592
6.23224 1.0366 -3.02501
6.3667 0.555017 -3.02501
6.43393 0.314226 -2.592
6.78376 0.671463 -2.592
6.54161 0.733635 -2.15899
6.05732 0.85798 -2.15899
5.81517 0.920153 -2.592
6.05732 0.85798 -3.02501
6.54161 0.733635 -3.02501
6.78376 0.671463 -2.592
6.6493 1.15304 -2.592
6.47438 0.974426 -2.15899
6.12455 0.617189 -2.15899
5.94963 0.438571 -2.592
6.12455 0.617189 -3.02501
6.47438 0.974426 -3.02501
6.6493 1.15304 -2.592
6.16501 1.27739 -2.592
6.23224 1.0366 -2.15899
6.3667 0.555017 -2.15899
6.43393 0.314226 -2.592
6.3667 0.555017 -3.02501
6.23224 1.0366 -3.02501
6.16501 1.27739 -2.592
5.81517 0.920153 -2.592
6.05732 0.85798 -2.15899
6.54161 0.733635 -2.15899
6.78376 0.671463 -2.592
6.54161 0.733635 -3.02501
6.05732 0.85798 -3.02501
5.81517 0.920153 -2.592
5.76785 1.14336 -2.64
6.00562 1.06611 -2.20699
6.48114 0.9116 -2.20699
6.71891 0.834346 -2.64
6.48114 0.9116 -3.07301
6.00562 1.06611 -3.07301
5.76785 1.14336 -2.64
5.87181 0.654289 -2.64
6.05759 0.821572 -2.20699
6.42917 1.15614 -2.20699
6.61495 1.32342 -2.64
6.42917 1.15614 -3.07301
6.05759 0.821572 -3.07301
5.87181 0.654289 -2.64
6.34734 0.499781 -2.64
6.29536 0.744317 -2.20699
6.1914 1.23339 -2.20699
6.13943 1.47793 -2.64
6.1914 1.23339 -3.07301
6.29536 0.744317 -3.07301
6.34734 0.499781 -2.64
6.71891 0.834346 -2.64
6.48114 0.9116 -2.20699
6.00562 1.06611 -2.20699
5.76785 1.14336 -2.64
6.00562 1.06611 -3.07301
6.48114 0.9116 -3.07301
6.71891 0.834346 -2.64
6.61495 1.32342 -2.64
6.42917 1.15614 -2.20699
6.05759 0.821572 -2.20699
5.87181 0.654289 -2.64
6.05759 0.821572 -3.07301
6.42917 1.15614 -3.07301
6.61495 1.32342 -2.64
6.13943 1.47793 -2.64
6.1914 1.23339 -2.20699
6.29536 0.744317 -2.20699
6.34734 0.499781 -2.64
6.29536 0.744317 -3.07301
6.1914 1.23339 -3.07301
6.13943 1.47793 -2.64
5.76785 1.14336 -2.64
6.00562 1.06611 -2.20699
6.48114 0.9116 -2.20699
6.71891 0.834346 -2.64
6.48114 0.9116 -3.07301
6.00562 1.06611 -3.07301
5.76785 1.14336 -2.64
5.7104 1.36206 -2.688
5.94284 1.27003 -2.25499
6.40773 1.08597 -2.25499
6.64017 0.993936 -2.688
6.40773 1.08597 -3.12101
5.94284 1.27003 -3.12101
5.7104 1.36206 -2.688
5.78344 0.867425 -2.688
5.97936 1.02271 -2.25499
6.37121 1.33329 -2.25499
6.56713 1.48857 -2.688
6.37121 1.33329 -3.12101
5.97936 1.02271 -3.12101
5.78344 0.867425 -2.688
6.24833 0.683362 -2.688
6.21181 0.93068 -2.25499
6.13876 1.42532 -2.25499
6.10224 1.67263 -2.688
6.13876 1.42532 -3.12101
6.21181 0.93068 -3.12101
6.24833 0.683362 -2.688
6.64017 0.993936 -2.688
6.40773 1.08597 -2.25499
5.94284 1.27003 -2.25499
5.7104 1.36206 -2.688
5.94284 1.27003 -3.12101
6.40773 1.08597 -3.12101
6.64017 0.993936 -2.688
6.56713 1.48857 -2.688
6.37121 1.33329 -2.25499
5.97936 1.02271 -2.25499
5.78344 0.867425 -2.688
5.97936 1.02271 -3.12101
6.37121 1.33329 -3.12101
6.56713 1.48857 -2.688
6.10224 1.67263 -2.688
6.13876 1.42532 -2.25499
6.21181 0.93068 -2.25499
6.24833 0.683362 -2.688
6.21181 0.93068 -3.12101
6.13876 1.42532 -3.12101
6.10224 1.67263 -2.688
5.7104 1.36206 -2.688
5.94284 1.27003 -2.25499
6.40773 1.08597 -2.25499
6.64017 0.993936 -2.688
6.40773 1.08597 -3.12101
5.94284 1.27003 -3.12101
5.7104 1.36206 -2.688
5.64303 1.57538 -2.736
5.86924 1.46894 -2.30299
6.32165 1.25605 -2.30299
6.54786 1.1496 -2.736
6.32165 1.25605 -3.16901
5.86924 1.46894 -3.16901
5.64303 1.57538 -2.736
5.68487 1.07714 -2.736
5.89016 1.21982 -2.30299
6.30073 1.50517 -2.30299
6.50602 1.64785 -2.736
6.30073 1.50517 -3.16901
5.89016 1.21982 -3.16901
5.68487 1.07714 -2.736
6.13729 0.864247 -2.736
6.11637 1.11337 -2.30299
6.07453 1.61162 -2.30299
6.05361 1.86074 -2.736
6.07453 1.61162 -3.16901
6.11637 1.11337 -3.16901
6.13729 0.864247 -2.736
6.54786 1.1496 -2.736
6.32165 1.25605 -2.30299
5.86924 1.46894 -2.30299
5.64303 1.57538 -2.736
5.86924 1.46894 -3.16901
6.32165 1.25605 -3.16901
6.54786 1.1496 -2.736
6.50602 1.64785 -2.736
6.30073 1.50517 -2.30299
5.89016 1.21982 -2.30299
5.68487 1.07714 -2.736
5.89016 1.21982 -3.16901
6.30073 1.50517 -3.16901
6.50602 1.64785 -2.736
6.05361 1.86074 -2.736
6.07453 1.61162 -2.30299
6.11637 1.11337 -2.30299
6.13729 0.864247 -2.736
6.11637 1.11337 -3.16901
6.07453 1.61162 -3.16901
6.05361 1.86074 -2.736
5.64303 1.57538 -2.736
5.86924 1.46894 -2.30299
6.32165 1.25605 -2.30299
6.54786 1.1496 -2.736
6.32165 1.25605 -3.16901
5.86924 1.46894 -3.16901
5.64303 1.57538 -2.736
5.56603 1.78249 -2.784
5.7851 1.66205 -2.35099
6.22326 1.42117 -2.35099
6.44233 1.30073 -2.784
6.22326 1.42117 -3.21701
5.7851 1.66205 -3.21701
5.56603 1.78249 -2.784
5.5765 1.2826 -2.784
5.79034 1.41211 -2.35099
6.21802 1.67112 -2.35099
6.43186 1.80063 -2.784
6.21802 1.67112 -3.21701
5.79034 1.41211 -3.21701
5.5765 1.2826 -2.784
6.01465 1.04172 -2.784
6.00942 1.29167 -2.35099
5.99895 1.79156 -2.35099
5.99371 2.0415 -2.784
5.99895 1.79156 -3.21701
6.00942 1.29167 -3.21701
6.01465 1.04172 -2.784
6.44233 1.30073 -2.784
6.22326 1.42117 -2.35099
5.7851 1.66205 -2.35099
5.56603 1.78249 -2.784
5.7851 1.66205 -3.21701
6.22326 1.42117 -3.21701
6.44233 1.30073 -2.784
6.43186 1.80063 -2.784
6.21802 1.67112 -2.35099
5.79034 1.41211 -2.35099
5.5765 1.2826 -2.784
5.79034 1.41211 -3.21701
6.21802 1.67112 -3.21701
6.43186 1.80063 -2.784
5.99371 2.0415 -2.784
5.99895 1.79156 -2.35099
6.00942 1.29167 -2.35099
6.01465 1.04172 -2.784
6.00942 1.29167 -3.21701
5.99895 1.79156 -3.21701
5.99371 2.0415 -2.784
5.56603 1.78249 -2.784
5.7851 1.66205 -2.35099
6.22326 1.42117 -2.35099
6.44233 1.30073 -2.784
6.22326 1.42117 -3.21701
5.7851 1.66205 -3.21701
5.56603 1.78249 -2.784
5.47969 1.98256 -2.832
5.69077 1.8486 -2.39899
6.11293 1.58069 -2.39899
6.32401 1.44673 -2.832
6.11293 1.58069 -3.26501
5.69077 1.8486 -3.26501
5.47969 1.98256 -2.832
5.45875 1.483 -2.832
5.6803 1.59882 -2.39899
6.1234 1.83047 -2.39899
6.34495 1.94629 -2.832
6.1234 1.83047 -3.26501
5.6803 1.59882 -3.26501
5.45875 1.483 -2.832
5.88091 1.21508 -2.832
5.89138 1.46487 -2.39899
5.91232 1.96443 -2.39899
5.92279 2.21421 -2.832
5.91232 1.96443 -3.26501
5.89138 1.46487 -3.26501
5.88091 1.21508 -2.832
6.32401 1.44673 -2.832
6.11293 1.58069 -2.39899
5.69077 1.8486 -2.39899
5.47969 1.98256 -2.832
5.69077 1.8486 -3.26501
6.11293 1.58069 -3.26501
6.32401 1.44673 -2.832
6.34495 1.94629 -2.832
6.1234 1.83047 -2.39899
5.6803 1.59882 -2.39899
5.45875 1.483 -2.832
5.6803 1.59882 -3.26501
6.1234 1.83047 -3.26501
6.34495 1.94629 -2.832
5.92279 2.21421 -2.832
5.91232 1.96443 -2.39899
5.89138 1.46487 -2.39899
5.88091 1.21508 -2.832
5.89138 1.46487 -3.26501
5.91232 1.96443 -3.26501
5.92279 2.21421 -2.832
5.47969 1.98256 -2.832
5.69077 1.8486 -2.39899
6.11293 1.58069 -2.39899
6.32401 1.44673 -2.832
6.11293 1.58069 -3.26501
5.69077 1.8486 -3.26501
5.47969 1.98256 -2.832
5.38435 2.17481 -2.88
5.5866 2.02786 -2.44699
5.99111 1.73397 -2.44699
6.19336 1.58702 -2.88
5.99111 1.73397 -3.31301
5.5866 2.02786 -3.31301
5.38435 2.17481 -2.88
5.33208 1.67754 -2.88
5.56047 1.77923 -2.44699
6.01724 1.9826 -2.44699
6.24563 2.08428 -2.88
6.01724 1.9826 -3.31301
5.56047 1.77923 -3.31301
5.33208 1.67754 -2.88
5.73659 1.38365 -2.88
5.76272 1.63228 -2.44699
5.81499 2.12954 -2.44699
5.84112 2.37817 -2.88
5.81499 2.12954 -3.31301
5.76272 1.63228 -3.31301
5.73659 1.38365 -2.88
6.19336 1.58702 -2.88
5.99111 1.73397 -2.44699
5.5866 2.02786 -2.44699
5.38435 2.17481 -2.88
5.5866 2.02786 -3.31301
5.99111 1.73397 -3.31301
6.19336 1.58702 -2.88
6.24563 2.08428 -2.88
6.01724 1.9826 -2.44699
5.56047 1.77923 -2.44699
5.33208 1.67754 -2.88
5.56047 1.77923 -3.31301
6.01724 1.9826 -3.31301
6.24563 2.08428 -2.88
5.84112 2.37817 -2.88
5.81499 2.12954 -2.44699
5.76272 1.63228 -2.44699
5.73659 1.38365 -2.88
5.76272 1.63228 -3.31301
5.81499 2.12954 -3.31301
5.84112 2.37817 -2.88
5.38435 2.17481 -2.88
5.5866 2.02786 -2.44699
5.99111 1.73397 -2.44699
6.19336 1.58702 -2.88
5.99111 1.73397 -3.31301
5.5866 2.02786 -3.31301
5.38435 2.17481 -2.88
5.28039 2.35847 -2.928
5.47301 2.19911 -2.49499
5.85827 1.8804 -2.49499
6.0509 1.72104 -2.928
5.85827 1.8804 -3.36101
5.47301 2.19911 -3.36101
5.28039 2.35847 -2.928
5.197 1.86547 -2.928
5.43132 1.95261 -2.49499
5.89996 2.1269 -2.49499
6.13428 2.21404 -2.928
5.89996 2.1269 -3.36101
5.43132 1.95261 -3.36101
5.197 1.86547 -2.928
5.58226 1.54676 -2.928
5.62395 1.79326 -2.49499
5.70733 2.28626 -2.49499
5.74903 2.53275 -2.928
5.70733 2.28626 -3.36101
5.62395 1.79326 -3.36101
5.58226 1.54676 -2.928
6.0509 1.72104 -2.928
5.85827 1.8804 -2.49499
5.47301 2.19911 -2.49499
5.28039 2.35847 -2.928
5.47301 2.19911 -3.36101
5.85827 1.8804 -3.36101
6.0509 1.72104 -2.928
6.13428 2.21404 -2.928
5.89996 2.1269 -2.49499
5.43132 1.95261 -2.49499
5.197 1.86547 -2.928
5.43132 1.95261 -3.36101
5.89996 2.1269 -3.36101
6.13428 2.21404 -2.928
5.74903 2.53275 -2.928
5.70733 2.28626 -2.49499
5.62395 1.79326 -2.49499
5.58226 1.54676 -2.928
5.62395 1.79326 -3.36101
5.70733 2.28626 -3.36101
5.74903 2.53275 -2.928
5.28039 2.35847 -2.928
5.47301 2.19911 -2.49499
5.85827 1.8804 -2.49499
6.0509 1.72104 -2.928
5.85827 1.8804 -3.36101
5.47301 2.19911 -3.36101
5.28039 2.35847 -2.928
5.16822 2.53282 -2.976
5.35046 2.36169 -2.54299
5.71494 2.01941 -2.54299
5.89718 1.84828 -2.976
5.71494 2.01941 -3.40901
5.35046 2.36169 -3.40901
5.16822 2.53282 -2.976
5.05404 2.04603 -2.976
5.29337 2.11829 -2.54299
5.77203 2.26281 -2.54299
6.01136 2.33507 -2.976
5.77203 2.26281 -3.40901
5.29337 2.11829 -3.40901
5.05404 2.04603 -2.976
5.41852 1.70376 -2.976
5.47561 1.94716 -2.54299
5.58979 2.43395 -2.54299
5.64688 2.67734 -2.976
5.58979 2.43395 -3.40901
5.47561 1.94716 -3.40901
5.41852 1.70376 -2.976
5.89718 1.84828 -2.976
5.71494 2.01941 -2.54299
5.35046 2.36169 -2.54299
5.16822 2.53282 -2.976
5.35046 2.36169 -3.40901
5.71494 2.01941 -3.40901
5.89718 1.84828 -2.976
6.01136 2.33507 -2.976
5.77203 2.26281 -2.54299
5.29337 2.11829 -2.54299
5.05404 2.04603 -2.976
5.29337 2.11829 -3.40901
5.77203 2.26281 -3.40901
6.01136 2.33507 -2.976
5.64688 2.67734 -2.976
5.58979 2.43395 -2.54299
5.47561 1.94716 -2.54299
5.41852 1.70376 -2.976
5.47561 1.94716 -3.40901
5.58979 2.43395 -3.40901
5.64688 2.67734 -2.976
5.16822 2.53282 -2.976
5.35046 2.36169 -2.54299
5.71494 2.01941 -2.54299
5.89718 1.84828 -2.976
5.71494 2.01941 -3.40901
5.35046 2.36169 -3.40901
5.16822 2.53282 -2.976
5.04828 2.69718 -3.024
5.21941 2.51494 -2.59099
5.56169 2.15046 -2.59099
5.73282 1.96822 -3.024
5.56169 2.15046 -3.45701
5.21941 2.51494 -3.45701
5.04828 2.69718 -3.024
4.90376 2.21852 -3.024
5.14716 2.27561 -2.59099
5.63395 2.38979 -2.59099
5.87734 2.44688 -3.024
5.63395 2.38979 -3.45701
5.14716 2.27561 -3.45701
4.90376 2.21852 -3.024
5.24603 1.85404 -3.024
5.31829 2.09337 -2.59099
5.46281 2.57203 -2.59099
5.53507 2.81136 -3.024
5.46281 2.57203 -3.45701
5.31829 2.09337 -3.45701
5.24603 1.85404 -3.024
5.73282 1.96822 -3.024
5.56169 2.15046 -2.59099
5.21941 2.51494 -2.59099
5.04828 2.69718 -3.024
5.21941 2.51494 -3.45701
5.56169 2.15046 -3.45701
5.73282 1.96822 -3.024
5.87734 2.44688 -3.024
5.63395 2.38979 -2.59099
5.14716 2.27561 -2.59099
4.90376 2.21852 -3.024
5.14716 2.27561 -3.45701
5.63395 2.38979 -3.45701
5.87734 2.44688 -3.024
5.53507 2.81136 -3.024
5.46281 2.57203 -2.59099
5.31829 2.09337 -2.59099
5.24603 1.85404 -3.024
5.31829 2.09337 -3.45701
5.46281 2.57203 -3.45701
5.53507 2.81136 -3.024
5.04828 2.69718 -3.024
5.21941 2.51494 -2.59099
5.56169 2.15046 -2.59099
5.73282 1.96822 -3.024
5.56169 2.15046 -3.45701
5.21941 2.51494 -3.45701
5.04828 2.69718 -3.024
4.92104 2.8509 -3.072
5.0804 2.65827 -2.63899
5.39911 2.27301 -2.63899
5.55847 2.08039 -3.072
5.39911 2.27301 -3.50501
5.0804 2.65827 -3.50501
4.92104 2.8509 -3.072
4.74676 2.38226 -3.072
4.99326 2.42395 -2.63899
5.48626 2.50733 -2.63899
5.73275 2.54903 -3.072
5.48626 2.50733 -3.50501
4.99326 2.42395 -3.50501
4.74676 2.38226 -3.072
5.06547 1.997 -3.072
5.15261 2.23132 -2.63899
5.3269 2.69996 -2.63899
5.41404 2.93428 -3.072
5.3269 2.69996 -3.50501
5.15261 2.23132 -3.50501
5.06547 1.997 -3.072
5.55847 2.08039 -3.072
5.39911 2.27301 -2.63899
5.0804 2.65827 -2.63899
4.92104 2.8509 -3.072
5.0804 2.65827 -3.50501
5.39911 2.27301 -3.50501
5.55847 2.08039 -3.072
5.73275 2.54903 -3.072
5.48626 2.50733 -2.63899
4.99326 2.42395 -2.63899
4.74676 2.38226 -3.072
4.99326 2.42395 -3.50501
5.48626 2.50733 -3.50501
5.73275 2.54903 -3.072
5.41404 2.93428 -3.072
5.3269 2.69996 -2.63899
5.15261 2.23132 -2.63899
5.06547 1.997 -3.072
5.15261 2.23132 -3.50501
5.3269 2.69996 -3.50501
5.41404 2.93428 -3.072
4.92104 2.8509 -3.072
5.0804 2.65827 -2.63899
5.39911 2.27301 -2.63899
5.55847 2.08039 -3.072
5.39911 2.27301 -3.50501
5.0804 2.65827 -3.50501
4.92104 2.8509 -3.072
4.78702 2.99336 -3.12
4.93397 2.79111 -2.68699
5.22786 2.3866 -2.68699
5.37481 2.18435 -3.12
5.22786 2.3866 -3.55301
4.93397 2.79111 -3.55301
4.78702 2.99336 -3.12
4.58365 2.53659 -3.12
4.83228 2.56272 -2.68699
5.32954 2.61499 -2.68699
5.57817 2.64112 -3.12
5.32954 2.61499 -3.55301
4.83228 2.56272 -3.55301
4.58365 2.53659 -3.12
4.87754 2.13208 -3.12
4.97923 2.36047 -2.68699
5.1826 2.81724 -2.68699
5.28428 3.04563 -3.12
5.1826 2.81724 -3.55301
4.97923 2.36047 -3.55301
4.87754 2.13208 -3.12
5.37481 2.18435 -3.12
5.22786 2.3866 -2.68699
4.93397 2.79111 -2.68699
4.78702 2.99336 -3.12
4.93397 2.79111 -3.55301
5.22786 2.3866 -3.55301
5.37481 2.18435 -3.12
5.57817 2.64112 -3.12
5.32954 2.61499 -2.68699
4.83228 2.56272 -2.68699
4.58365 2.53659 -3.12
4.83228 2.56272 -3.55301
5.32954 2.61499 -3.55301
5.57817 2.64112 -3.12
5.28428 3.04563 -3.12
5.1826 2.81724 -2.68699
4.97923 2.36047 -2.68699
4.87754 2.13208 -3.12
4.97923 2.36047 -3.55301
5.1826 2.81724 -3.55301
5.28428 3.04563 -3.12
4.78702 2.99336 -3.12
4.93397 2.79111 -2.68699
5.22786 2.3866 -2.68699
5.37481 2.18435 -3.12
5.22786 2.3866 -3.55301
4.93397 2.79111 -3.55301
4.78702 2.99336 -3.12
4.64673 3.12401 -3.168
4.78069 2.91293 -2.73499
5.0486 2.49077 -2.73499
5.18256 2.27969 -3.168
5.0486 2.49077 -3.60101
4.78069 2.91293 -3.60101
4.64673 3.12401 -3.168
4.41508 2.68091 -3.168
4.66487 2.69138 -2.73499
5.16443 2.71232 -2.73499
5.41421 2.72279 -3.168
5.16443 2.71232 -3.60101
4.66487 2.69138 -3.60101
4.41508 2.68091 -3.168
4.683 2.25875 -3.168
4.79882 2.4803 -2.73499
5.03047 2.9234 -2.73499
5.14629 3.14495 -3.168
5.03047 2.9234 -3.60101
4.79882 2.4803 -3.60101
4.683 2.25875 -3.168
5.18256 2.27969 -3.168
5.0486 2.49077 -2.73499
4.78069 2.91293 -2.73499
4.64673 3.12401 -3.168
4.78069 2.91293 -3.60101
5.0486 2.49077 -3.60101
5.18256 2.27969 -3.168
5.41421 2.72279 -3.168
5.16443 2.71232 -2.73499
4.66487 2.69138 -2.73499
4.41508 2.68091 -3.168
4.66487 2.69138 -3.60101
5.16443 2.71232 -3.60101
5.41421 2.72279 -3.168
5.14629 3.14495 -3.168
5.03047 2.9234 -2.73499
4.79882 2.4803 -2.73499
4.683 2.25875 -3.168
4.79882 2.4803 -3.60101
5.03047 2.9234 -3.60101
5.14629 3.14495 -3.168
4.64673 3.12401 -3.168
4.78069 2.91293 -2.73499
5.0486 2.49077 -2.73499
5.18256 2.27969 -3.168
5.0486 2.49077 -3.60101
4.78069 2.91293 -3.60101
4.64673 3.12401 -3.168
4.50073 3.24233 -3.216
4.62117 3.02326 -2.78299
4.86205 2.5851 -2.78299
4.98249 2.36603 -3.216
4.86205 2.5851 -3.64901
4.62117 3.02326 -3.64901
4.50073 3.24233 -3.216
4.24172 2.81465 -3.216
4.49167 2.80942 -2.78299
4.99156 2.79895 -2.78299
5.2415 2.79371 -3.216
4.99156 2.79895 -3.64901
4.49167 2.80942 -3.64901
4.24172 2.81465 -3.216
4.4826 2.3765 -3.216
4.61211 2.59034 -2.78299
4.87112 3.01802 -2.78299
5.00063 3.23186 -3.216
4.87112 3.01802 -3.64901
4.61211 2.59034 -3.64901
4.4826 2.3765 -3.216
4.98249 2.36603 -3.216
4.86205 2.5851 -2.78299
4.62117 3.02326 -2.78299
4.50073 3.24233 -3.216
4.62117 3.02326 -3.64901
4.86205 2.5851 -3.64901
4.98249 2.36603 -3.216
5.2415 2.79371 -3.216
4.99156 2.79895 -2.78299
4.49167 2.80942 -2.78299
4.24172 2.81465 -3.216
4.49167 2.80942 -3.64901
4.99156 2.79895 -3.64901
5.2415 2.79371 -3.216
5.00063 3.23186 -3.216
4.87112 3.01802 -2.78299
4.61211 2.59034 -2.78299
4.4826 2.3765 -3.216
4.61211 2.59034 -3.64901
4.87112 3.01802 -3.64901
5.00063 3.23186 -3.216
4.50073 3.24233 -3.216
4.62117 3.02326 -2.78299
4.86205 2.5851 -2.78299
4.98249 2.36603 -3.216
4.86205 2.5851 -3.64901
4.62117 3.02326 -3.64901
4.50073 3.24233 -3.216
4.3496 3.34786 -3.264
4.45605 3.12165 -2.83099
4.66894 2.66924 -2.83099
4.77538 2.44303 -3.264
4.66894 2.66924 -3.69701
4.45605 3.12165 -3.69701
4.3496 3.34786 -3.264
4.06425 2.93729 -3.264
4.31337 2.91637 -2.83099
4.81162 2.87453 -2.83099
5.06074 2.85361 -3.264
4.81162 2.87453 -3.69701
4.31337 2.91637 -3.69701
4.06425 2.93729 -3.264
4.27714 2.48487 -3.264
4.41982 2.69016 -2.83099
4.70517 3.10073 -2.83099
4.84785 3.30602 -3.264
4.70517 3.10073 -3.69701
4.41982 2.69016 -3.69701
4.27714 2.48487 -3.264
4.77538 2.44303 -3.264
4.66894 2.66924 -2.83099
4.45605 3.12165 -2.83099
4.3496 3.34786 -3.264
4.45605 3.12165 -3.69701
4.66894 2.66924 -3.69701
4.77538 2.44303 -3.264
5.06074 2.85361 -3.264
4.81162 2.87453 -2.83099
4.31337 2.91637 -2.83099
4.06425 2.93729 -3.264
4.31337 2.91637 -3.69701
4.81162 2.87453 -3.69701
5.06074 2.85361 -3.264
4.84785 3.30602 -3.264
4.70517 3.10073 -2.83099
4.41982 2.69016 -2.83099
4.27714 2.48487 -3.264
4.41982 2.69016 -3.69701
4.70517 3.10073 -3.69701
4.84785 3.30602 -3.264
4.3496 3.34786 -3.264
4.45605 3.12165 -2.83099
4.66894 2.66924 -2.83099
4.77538 2.44303 -3.264
4.66894 2.66924 -3.69701
4.45605 3.12165 -3.69701
4.3496 3.34786 -3.264
4.19394 3.44017 -3.312
4.28597 3.20773 -2.87899
4.47003 2.74284 -2.87899
4.56206 2.5104 -3.312
4.47003 2.74284 -3.74501
4.28597 3.20773 -3.74501
4.19394 3.44017 -3.312
3.88336 3.04833 -3.312
4.13068 3.01181 -2.87899
4.62532 2.93876 -2.87899
4.87263 2.90224 -3.312
4.62532 2.93876 -3.74501
4.13068 3.01181 -3.74501
3.88336 3.04833 -3.312
4.06742 2.58344 -3.312
4.22271 2.77936 -2.87899
4.53329 3.17121 -2.87899
4.68857 3.36713 -3.312
4.53329 3.17121 -3.74501
4.22271 2.77936 -3.74501
4.06742 2.58344 -3.312
4.56206 2.5104 -3.312
4.47003 2.74284 -2.87899
4.28597 3.20773 -2.87899
4.19394 3.44017 -3.312
4.28597 3.20773 -3.74501
4.47003 2.74284 -3.74501
4.56206 2.5104 -3.312
4.87263 2.90224 -3.312
4.62532 2.93876 -2.87899
4.13068 3.01181 -2.87899
3.88336 3.04833 -3.312
4.13068 3.01181 -3.74501
4.62532 2.93876 -3.74501
4.87263 2.90224 -3.312
4.68857 3.36713 -3.312
4.53329 3.17121 -2.87899
4.22271 2.77936 -2.87899
4.06742 2.58344 -3.312
4.22271 2.77936 -3.74501
4.53329 3.17121 -3.74501
4.68857 3.36713 -3.312
4.19394 3.44017 -3.312
4.28597 3.20773 -2.87899
4.47003 2.74284 -2.87899
4.56206 2.5104 -3.312
4.47003 2.74284 -3.74501
4.28597 3.20773 -3.74501
4.19394 3.44017 -3.312
4.03435 3.51891 -3.36
4.1116 3.28114 -2.92699
4.26611 2.80562 -2.92699
4.34336 2.56785 -3.36
4.26611 2.80562 -3.79301
4.1116 3.28114 -3.79301
4.03435 3.51891 -3.36
3.69978 3.14734 -3.36
3.94432 3.09536 -2.92699
4.43339 2.9914 -2.92699
4.67793 2.93943 -3.36
4.43339 2.9914 -3.79301
3.94432 3.09536 -3.79301
3.69978 3.14734 -3.36
3.85429 2.67181 -3.36
4.02157 2.85759 -2.92699
4.35614 3.22917 -2.92699
4.52342 3.41495 -3.36
4.35614 3.22917 -3.79301
4.02157 2.85759 -3.79301
3.85429 2.67181 -3.36
4.34336 2.56785 -3.36
4.26611 2.80562 -2.92699
4.1116 3.28114 -2.92699
4.03435 3.51891 -3.36
4.1116 3.28114 -3.79301
4.26611 2.80562 -3.79301
4.34336 2.56785 -3.36
4.67793 2.93943 -3.36
4.43339 2.9914 -2.92699
3.94432 3.09536 -2.92699
3.69978 3.14734 -3.36
3.94432 3.09536 -3.79301
4.43339 2.9914 -3.79301
4.67793 2.93943 -3.36
4.52342 3.41495 -3.36
4.35614 3.22917 -2.92699
4.02157 2.85759 -2.92699
3.85429 2.67181 -3.36
4.02157 2.85759 -3.79301
4.35614 3.22917 -3.79301
4.52342 3.41495 -3.36
4.03435 3.51891 -3.36
4.1116 3.28114 -2.92699
4.26611 2.80562 -2.92699
4.34336 2.56785 -3.36
4.26611 2.80562 -3.79301
4.1116 3.28114 -3.79301
4.03435 3.51891 -3.36
3.87146 3.58376 -3.408
3.93364 3.34161 -2.97499
4.05798 2.85732 -2.97499
4.12015 2.61517 -3.408
4.05798 2.85732 -3.84101
3.93364 3.34161 -3.84101
3.87146 3.58376 -3.408
3.51423 3.23393 -3.408
3.75502 3.1667 -2.97499
4.2366 3.03224 -2.97499
4.47739 2.96501 -3.408
4.2366 3.03224 -3.84101
3.75502 3.1667 -3.84101
3.51423 3.23393 -3.408
3.63857 2.74963 -3.408
3.81719 2.92455 -2.97499
4.17443 3.27438 -2.97499
4.35304 3.4493 -3.408
4.17443 3.27438 -3.84101
3.81719 2.92455 -3.84101
3.63857 2.74963 -3.408
4.12015 2.61517 -3.408
4.05798 2.85732 -2.97499
3.93364 3.34161 -2.97499
3.87146 3.58376 -3.408
3.93364 3.34161 -3.84101
4.05798 2.85732 -3.84101
4.12015 2.61517 -3.408
4.47739 2.96501 -3.408
4.2366 3.03224 -2.97499
3.75502 3.1667 -2.97499
3.51423 3.23393 -3.408
3.75502 3.1667 -3.84101
4.2366 3.03224 -3.84101
4.47739 2.96501 -3.408
4.35304 3.4493 -3.408
4.17443 3.27438 -2.97499
3.81719 2.92455 -2.97499
3.63857 2.74963 -3.408
3.81719 2.92455 -3.84101
4.17443 3.27438 -3.84101
4.35304 3.4493 -3.408
3.87146 3.58376 -3.408
3.93364 3.34161 -2.97499
4.05798 2.85732 -2.97499
4.12015 2.61517 -3.408
4.05798 2.85732 -3.84101
3.93364 3.34161 -3.84101
3.87146 3.58376 -3.408
3.70593 3.63446 -3.456
3.75277 3.38889 -3.02299
3.84647 2.89775 -3.02299
3.89331 2.65218 -3.456
3.84647 2.89775 -3.88901
3.75277 3.38889 -3.88901
3.70593 3.63446 -3.456
3.32743 3.30775 -3.456
3.56353 3.22554 -3.02299
4.03571 3.0611 -3.02299
4.27181 2.97889 -3.456
4.03571 3.0611 -3.88901
3.56353 3.22554 -3.88901
3.32743 3.30775 -3.456
3.42112 2.81661 -3.456
3.61037 2.97996 -3.02299
3.98887 3.30667 -3.02299
4.17812 3.47003 -3.456
3.98887 3.30667 -3.88901
3.61037 2.97996 -3.88901
3.42112 2.81661 -3.456
3.89331 2.65218 -3.456
3.84647 2.89775 -3.02299
3.75277 3.38889 -3.02299
3.70593 3.63446 -3.456
3.75277 3.38889 -3.88901
3.84647 2.89775 -3.88901
3.89331 2.65218 -3.456
4.27181 2.97889 -3.456
4.03571 3.0611 -3.02299
3.56353 3.22554 -3.02299
3.32743 3.30775 -3.456
3.56353 3.22554 -3.88901
4.03571 3.0611 -3.88901
4.27181 2.97889 -3.456
4.17812 3.47003 -3.456
3.98887 3.30667 -3.02299
3.61037 2.97996 -3.02299
3.42112 2.81661 -3.456
3.61037 2.97996 -3.88901
3.98887 3.30667 -3.88901
4.17812 3.47003 -3.456
3.70593 3.63446 -3.456
3.75277 3.38889 -3.02299
3.84647 2.89775 -3.02299
3.89331 2.65218 -3.456
3.84647 2.89775 -3.88901
3.75277 3.38889 -3.88901
3.70593 3.63446 -3.456
3.5384 3.67082 -3.504
3.56973 3.4228 -3.07099
3.6324 2.92674 -3.07099
3.66373 2.67871 -3.504
3.6324 2.92674 -3.93701
3.56973 3.4228 -3.93701
3.5384 3.67082 -3.504
3.14013 3.36852 -3.504
3.3706 3.27165 -3.07099
3.83153 3.07789 -3.07099
4.062 2.98101 -3.504
3.83153 3.07789 -3.93701
3.3706 3.27165 -3.93701
3.14013 3.36852 -3.504
3.2028 2.87247 -3.504
3.40193 3.02362 -3.07099
3.8002 3.32592 -3.07099
3.99933 3.47707 -3.504
3.8002 3.32592 -3.93701
3.40193 3.02362 -3.93701
3.2028 2.87247 -3.504
3.66373 2.67871 -3.504
3.6324 2.92674 -3.07099
3.56973 3.4228 -3.07099
3.5384 3.67082 -3.504
3.56973 3.4228 -3.93701
3.6324 2.92674 -3.93701
3.66373 2.67871 -3.504
4.062 2.98101 -3.504
3.83153 3.07789 -3.07099
3.3706 3.27165 -3.07099
3.14013 3.36852 -3.504
3.3706 3.27165 -3.93701
3.83153 3.07789 -3.93701
4.062 2.98101 -3.504
3.99933 3.47707 -3.504
3.8002 3.32592 -3.07099
3.40193 3.02362 -3.07099
3.2028 2.87247 -3.504
3.40193 3.02362 -3.93701
3.8002 3.32592 -3.93701
3.99933 3.47707 -3.504
3.5384 3.67082 -3.504
3.56973 3.4228 -3.07099
3.6324 2.92674 -3.07099
3.66373 2.67871 -3.504
3.6324 2.92674 -3.93701
3.56973 3.4228 -3.93701
3.5384 3.67082 -3.504
3.36953 3.6927 -3.552
3.38523 3.44319 -3.11899
3.41663 2.94418 -3.11899
3.43232 2.69467 -3.552
3.41663 2.94418 -3.98501
3.38523 3.44319 -3.98501
3.36953 3.6927 -3.552
2.95307 3.416 -3.552
3.177 3.30484 -3.11899
3.62486 3.08253 -3.11899
3.84879 2.97137 -3.552
3.62486 3.08253 -3.98501
3.177 3.30484 -3.98501
2.95307 3.416 -3.552
2.98447 2.91699 -3.552
3.1927 3.05534 -3.11899
3.60916 3.33203 -3.11899
3.81739 3.47038 -3.552
3.60916 3.33203 -3.98501
3.1927 3.05534 -3.98501
2.98447 2.91699 -3.552
3.43232 2.69467 -3.552
3.41663 2.94418 -3.11899
3.38523 3.44319 -3.11899
3.36953 3.6927 -3.552
3.38523 3.44319 -3.98501
3.41663 2.94418 -3.98501
3.43232 2.69467 -3.552
3.84879 2.97137 -3.552
3.62486 3.08253 -3.11899
3.177 3.30484 -3.11899
2.95307 3.416 -3.552
3.177 3.30484 -3.98501
3.62486 3.08253 -3.98501
3.84879 2.97137 -3.552
3.81739 3.47038 -3.552
3.60916 3.33203 -3.11899
3.1927 3.05534 -3.11899
2.98447 2.91699 -3.552
3.1927 3.05534 -3.98501
3.60916 3.33203 -3.98501
3.81739 3.47038 -3.552
3.36953 3.6927 -3.552
3.38523 3.44319 -3.11899
3.41663 2.94418 -3.11899
3.43232 2.69467 -3.552
3.41663 2.94418 -3.98501
3.38523 3.44319 -3.98501
3.36953 3.6927 -3.552
3.2 3.7 -3.6
3.2 3.45 -3.16699
3.2 2.95 -3.16699
3.2 2.7 -3.6
3.2 2.95 -4.03301
3.2 3.45 -4.03301
3.2 3.7 -3.6
2.76699 3.45 -3.6
2.98349 3.325 -3.16699
3.41651 3.075 -3.16699
3.63301 2.95 -3.6
3.41651 3.075 -4.03301
2.98349 3.325 -4.03301
2.76699 3.45 -3.6
2.76699 2.95 -3.6
2.98349 3.075 -3.16699
3.41651 3.325 -3.16699
3.63301 3.45 -3.6
3.41651 3.325 -4.03301
2.98349 3.075 -4.03301
2.76699 2.95 -3.6
3.2 2.7 -3.6
3.2 2.95 -3.16699
3.2 3.45 -3.16699
3.2 3.7 -3.6
3.2 3.45 -4.03301
3.2 2.95 -4.03301
3.2 2.7 -3.6
3.63301 2.95 -3.6
3.41651 3.075 -3.16699
2.98349 3.325 -3.16699
2.76699 3.45 -3.6
2.98349 3.325 -4.03301
3.41651 3.075 -4.03301
3.63301 2.95 -3.6
3.63301 3.45 -3.6
3.41651 3.325 -3.16699
2.98349 3.075 -3.16699
2.76699 2.95 -3.6
2.98349 3.075 -4.03301
3.41651 3.325 -4.03301
3.63301 3.45 -3.6
3.2 3.7 -3.6
3.2 3.45 -3.16699
3.2 2.95 -3.16699
3.2 2.7 -3.6
3.2 2.95 -4.03301
3.2 3.45 -4.03301
3.2 3.7 -3.6
3.03047 3.6927 -3.648
3.01477 3.44319 -3.21499
2.98337 2.94418 -3.21499
2.96768 2.69467 -3.648
2.98337 2.94418 -4.08101
3.01477 3.44319 -4.08101
3.03047 3.6927 -3.648
2.58261 3.47038 -3.648
2.79084 3.33203 -3.21499
3.2073 3.05534 -3.21499
3.41553 2.91699 -3.648
3.2073 3.05534 -4.08101
2.79084 3.33203 -4.08101
2.58261 3.47038 -3.648
2.55121 2.97137 -3.648
2.77514 3.08253 -3.21499
3.223 3.30484 -3.21499
3.44693 3.416 -3.648
3.223 3.30484 -4.08101
2.77514 3.08253 -4.08101
2.55121 2.97137 -3.648
2.96768 2.69467 -3.648
2.98337 2.94418 -3.21499
3.01477 3.44319 -3.21499
3.03047 3.6927 -3.648
3.01477 3.44319 -4.08101
2.98337 2.94418 -4.08101
2.96768 2.69467 -3.648
3.41553 2.91699 -3.648
3.2073 3.05534 -3.21499
2.79084 3.33203 -3.21499
2.58261 3.47038 -3.648
2.79084 3.33203 -4.08101
3.2073 3.05534 -4.08101
3.41553 2.91699 -3.648
3.44693 3.416 -3.648
3.223 3.30484 -3.21499
2.77514 3.08253 -3.21499
2.55121 2.97137 -3.648
2.77514 3.08253 -4.08101
3.223 3.30484 -4.08101
3.44693 3.416 -3.648
3.03047 3.6927 -3.648
3.01477 3.44319 -3.21499
2.98337 2.94418 -3.21499
2.96768 2.69467 -3.648
2.98337 2.94418 -4.08101
3.01477 3.44319 -4.08101
3.03047 3.6927 -3.648
2.8616 3.67082 -3.696
2.83027 3.4228 -3.26299
2.7676 2.92674 -3.26299
2.73627 2.67871 -3.696
2.7676 2.92674 -4.12901
2.83027 3.4228 -4.12901
2.8616 3.67082 -3.696
2.40067 3.47707 -3.696
2.5998 3.32592 -3.26299
2.99807 3.02362 -3.26299
3.1972 2.87247 -3.696
2.99807 3.02362 -4.12901
2.5998 3.32592 -4.12901
2.40067 3.47707 -3.696
2.338 2.98101 -3.696
2.56847 3.07789 -3.26299
3.0294 3.27165 -3.26299
3.25987 3.36852 -3.696
3.0294 3.27165 -4.12901
2.56847 3.07789 -4.12901
2.338 2.98101 -3.696
2.73627 2.67871 -3.696
2.7676 2.92674 -3.26299
2.83027 3.4228 -3.26299
2.8616 3.67082 -3.696
2.83027 3.4228 -4.12901
2.7676 2.92674 -4.12901
2.73627 2.67871 -3.696
3.1972 2.87247 -3.696
2.99807 3.02362 -3.26299
2.5998 3.32592 -3.26299
2.40067 3.47707 -3.696
2.5998 3.32592 -4.12901
2.99807 3.02362 -4.12901
3.1972 2.87247 -3.696
3.25987 3.36852 -3.696
3.0294 3.27165 -3.26299
2.56847 3.07789 -3.26299
2.338 2.98101 -3.696
2.56847 3.07789 -4.12901
3.0294 3.27165 -4.12901
3.25987 3.36852 -3.696
2.8616 3.67082 -3.696
2.83027 3.4228 -3.26299
2.7676 2.92674 -3.26299
2.73627 2.67871 -3.696
2.7676 2.92674 -4.12901
2.83027 3.4228 -4.12901
2.8616 3.67082 -3.696
2.69407 3.63446 -3.744
2.64723 3.38889 -3.31099
2.55353 2.89775 -3.31099
2.50669 2.65218 -3.744
2.55353 2.89775 -4.17701
2.64723 3.38889 -4.17701
2.69407 3.63446 -3.744
2.22188 3.47003 -3.744
2.41113 3.30667 -3.31099
2.78963 2.97996 -3.31099
2.97888 2.81661 -3.744
2.78963 2.97996 -4.17701
2.41113 3.30667 -4.17701
2.22188 3.47003 -3.744
2.12819 2.97889 -3.744
2.36429 3.0611 -3.31099
2.83647 3.22554 -3.31099
3.07257 3.30775 -3.744
2.83647 3.22554 -4.17701
2.36429 3.0611 -4.17701
2.12819 2.97889 -3.744
2.50669 2.65218 -3.744
2.55353 2.89775 -3.31099
2.64723 3.38889 -3.31099
2.69407 3.63446 -3.744
2.64723 3.38889 -4.17701
2.55353 2.89775 -4.17701
2.50669 2.65218 -3.744
2.97888 2.81661 -3.744
2.78963 2.97996 -3.31099
2.41113 3.30667 -3.31099
2.22188 3.47003 -3.744
2.41113 3.30667 -4.17701
2.78963 2.97996 -4.17701
2.97888 2.81661 -3.744
3.07257 3.30775 -3.744
2.83647 3.22554 -3.31099
2.36429 3.0611 -3.31099
2.12819 2.97889 -3.744
2.36429 3.0611 -4.17701
2.83647 3.22554 -4.17701
3.07257 3.30775 -3.744
2.69407 3.63446 -3.744
2.64723 3.38889 -3.31099
2.55353 2.89775 -3.31099
2.50669 2.65218 -3.744
2.55353 2.89775 -4.17701
2.64723 3.38889 -4.17701
2.69407 3.63446 -3.744
2.52854 3.58376 -3.792
2.46636 3.34161 -3.35899
2.34202 2.85732 -3.35899
2.27985 2.61517 -3.792
2.34202 2.85732 -4.22501
2.46636 3.34161 -4.22501
2.52854 3.58376 -3.792
2.04696 3.4493 -3.792
2.22557 3.27438 -3.35899
2.58281 2.92455 -3.35899
2.76143 2.74963 -3.792
2.58281 2.92455 -4.22501
2.22557 3.27438 -4.22501
2.04696 3.4493 -3.792
1.92261 2.96501 -3.792
2.1634 3.03224 -3.35899
2.64498 3.1667 -3.35899
2.88577 3.23393 -3.792
2.64498 3.1667 -4.22501
2.1634 3.03224 -4.22501
1.92261 2.96501 -3.792
2.27985 2.61517 -3.792
2.34202 2.85732 -3.35899
2.46636 3.34161 -3.35899
2.52854 3.58376 -3.792
2.46636 3.34161 -4.22501
2.34202 2.85732 -4.22501
2.27985 2.61517 -3.792
2.76143 2.74963 -3.792
2.58281 2.92455 -3.35899
2.22557 3.27438 -3.35899
2.04696 3.4493 -3.792
2.22557 3.27438 -4.22501
2.58281 2.92455 -4.22501
2.76143 2.74963 -3.792
2.88577 3.23393 -3.792
2.64498 3.1667 -3.35899
2.1634 3.03224 -3.35899
1.92261 2.96501 -3.792
2.1634 3.03224 -4.22501
2.64498 3.1667 -4.22501
2.88577 3.23393 -3.792
2.52854 3.58376 -3.792
2.46636 3.34161 -3.35899
2.34202 2.85732 -3.35899
2.27985 2.61517 -3.792
2.34202 2.85732 -4.22501
2.46636 3.34161 -4.22501
2.52854 3.58376 -3.792
2.36565 3.51891 -3.84
2.2884 3.28114 -3.40699
2.13389 2.80562 -3.40699
2.05664 2.56785 -3.84
2.13389 2.80562 -4.27301
2.2884 3.28114 -4.27301
2.36565 3.51891 -3.84
1.87658 3.41495 -3.84
2.04386 3.22917 -3.40699
2.37843 2.85759 -3.40699
2.54571 2.67181 -3.84
2.37843 2.85759 -4.27301
2.04386 3.22917 -4.27301
1.87658 3.41495 -3.84
1.72207 2.93943 -3.84
1.96661 2.9914 -3.40699
2.45568 3.09536 -3.40699
2.70022 3.14734 -3.84
2.45568 3.09536 -4.27301
1.96661 2.9914 -4.27301
1.72207 2.93943 -3.84
2.05664 2.56785 -3.84
2.13389 2.80562 -3.40699
2.2884 3.28114 -3.40699
2.36565 3.51891 -3.84
2.2884 3.28114 -4.27301
2.13389 2.80562 -4.27301
2.05664 2.56785 -3.84
2.54571 2.67181 -3.84
2.37843 2.85759 -3.40699
2.04386 3.22917 -3.40699
1.87658 3.41495 -3.84
2.04386 3.22917 -4.27301
2.37843 2.85759 -4.27301
2.54571 2.67181 -3.84
2.70022 3.14734 -3.84
2.45568 3.09536 -3.40699
1.96661 2.9914 -3.40699
1.72207 2.93943 -3.84
1.96661 2.9914 -4.27301
2.45568 3.09536 -4.27301
2.70022 3.14734 -3.84
2.36565 3.51891 -3.84
2.2884 3.28114 -3.40699
2.13389 2.80562 -3.40699
2.05664 2.56785 -3.84
2.13389 2.80562 -4.27301
2.2884 3.28114 -4.27301
2.36565 3.51891 -3.84
2.20606 3.44017 -3.888
2.11403 3.20773 -3.45499
1.92997 2.74284 -3.45499
1.83794 2.5104 -3.888
1.92997 2.74284 -4.32101
2.11403 3.20773 -4.32101
2.20606 3.44017 -3.888
1.71143 3.36713 -3.888
1.86671 3.17121 -3.45499
2.17729 2.77936 -3.45499
2.33258 2.58344 -3.888
2.17729 2.77936 -4.32101
1.86671 3.17121 -4.32101
1.71143 3.36713 -3.888
1.52737 2.90224 -3.888
1.77468 2.93876 -3.45499
2.26932 3.01181 -3.45499
2.51664 3.04833 -3.888
2.26932 3.01181 -4.32101
1.77468 2.93876 -4.32101
1.52737 2.90224 -3.888
1.83794 2.5104 -3.888
1.92997 2.74284 -3.45499
2.11403 3.20773 -3.45499
2.20606 3.44017 -3.888
2.11403 3.20773 -4.32101
1.92997 2.74284 -4.32101
1.83794 2.5104 -3.888
2.33258 2.58344 -3.888
2.17729 2.77936 -3.45499
1.86671 3.17121 -3.45499
1.71143 3.36713 -3.888
1.86671 3.17121 -4.32101
2.17729 2.77936 -4.32101
2.33258 2.58344 -3.888
2.51664 3.04833 -3.888
2.26932 3.01181 -3.45499
1.77468 2.93876 -3.45499
1.52737 2.90224 -3.888
1.77468 2.93876 -4.32101
2.26932 3.01181 -4.32101
2.51664 3.04833 -3.888
2.20606 3.44017 -3.888
2.11403 3.20773 -3.45499
1.92997 2.74284 -3.45499
1.83794 2.5104 -3.888
1.92997 2.74284 -4.32101
2.11403 3.20773 -4.32101
2.20606 3.44017 -3.888
2.0504 3.34786 -3.936
1.94395 3.12165 -3.50299
1.73106 2.66924 -3.50299
1.62462 2.44303 -3.936
1.73106 2.66924 -4.36901
1.94395 3.12165 -4.36901
2.0504 3.34786 -3.936
1.55215 3.30602 -3.936
1.69483 3.10073 -3.50299
1.98018 2.69016 -3.50299
2.12286 2.48487 -3.936
1.98018 2.69016 -4.36901
1.69483 3.10073 -4.36901
1.55215 3.30602 -3.936
1.33926 2.85361 -3.936
1.58838 2.87453 -3.50299
2.08663 2.91637 -3.50299
2.33575 2.93729 -3.936
2.08663 2.91637 -4.36901
1.58838 2.87453 -4.36901
1.33926 2.85361 -3.936
1.62462 2.44303 -3.936
1.73106 2.66924 -3.50299
1.94395 3.12165 -3.50299
2.0504 3.34786 -3.936
1.94395 3.12165 -4.36901
1.73106 2.66924 -4.36901
1.62462 2.44303 -3.936
2.12286 2.48487 -3.936
1.98018 2.69016 -3.50299
1.69483 3.10073 -3.50299
1.55215 3.30602 -3.936
1.69483 3.10073 -4.36901
1.98018 2.69016 -4.36901
2.12286 2.48487 -3.936
2.33575 2.93729 -3.936
2.08663 2.91637 -3.50299
1.58838 2.87453 -3.50299
1.33926 2.85361 -3.936
1.58838 2.87453 -4.36901
2.08663 2.91637 -4.36901
2.33575 2.93729 -3.936
2.0504 3.34786 -3.936
1.94395 3.12165 -3.50299
1.73106 2.66924 -3.50299
1.62462 2.44303 -3.936
1.73106 2.66924 -4.36901
1.94395 3.12165 -4.36901
2.0504 3.34786 -3.936
1.89927 3.24233 -3.984
1.77883 3.02326 -3.55099
1.53795 2.5851 -3.55099
1.41751 2.36603 -3.984
1.53795 2.5851 -4.41701
1.77883 3.02326 -4.41701
1.89927 3.24233 -3.984
1.39937 3.23186 -3.984
1.52888 3.01802 -3.55099
1.78789 2.59034 -3.55099
1.9174 2.3765 -3.984
1.78789 2.59034 -4.41701
1.52888 3.01802 -4.41701
1.39937 3.23186 -3.984
1.1585 2.79371 -3.984
1.40844 2.79895 -3.55099
1.90833 2.80942 -3.55099
2.15828 2.81465 -3.984
1.90833 2.80942 -4.41701
1.40844 2.79895 -4.41701
1.1585 2.79371 -3.984
1.41751 2.36603 -3.984
1.53795 2.5851 -3.55099
1.77883 3.02326 -3.55099
1.89927 3.24233 -3.984
1.77883 3.02326 -4.41701
1.53795 2.5851 -4.41701
1.41751 2.36603 -3.984
1.9174 2.3765 -3.984
1.78789 2.59034 -3.55099
1.52888 3.01802 -3.55099
1.39937 3.23186 -3.984
1.52888 3.01802 -4.41701
1.78789 2.59034 -4.41701
1.9174 2.3765 -3.984
2.15828 2.81465 -3.984
1.90833 2.80942 -3.55099
1.40844 2.79895 -3.55099
1.1585 2.79371 -3.984
1.40844 2.79895 -4.41701
1.90833 2.80942 -4.41701
2.15828 2.81465 -3.984
1.89927 3.24233 -3.984
1.77883 3.02326 -3.55099
1.53795 2.5851 -3.55099
1.41751 2.36603 -3.984
1.53795 2.5851 -4.41701
1.77883 3.02326 -4.41701
1.89927 3.24233 -3.984
1.75327 3.12401 -4.032
1.61931 2.91293 -3.59899
1.3514 2.49077 -3.59899
1.21744 2.27969 -4.032
1.3514 2.49077 -4.46501
1.61931 2.91293 -4.46501
1.75327 3.12401 -4.032
1.25371 3.14495 -4.032
1.36953 2.9234 -3.59899
1.60118 2.4803 -3.59899
1.717 2.25875 -4.032
1.60118 2.4803 -4.46501
1.36953 2.9234 -4.46501
1.25371 3.14495 -4.032
0.985793 2.72279 -4.032
1.23557 2.71232 -3.59899
1.73513 2.69138 -3.59899
1.98492 2.68091 -4.032
1.73513 2.69138 -4.46501
1.23557 2.71232 -4.46501
0.985793 2.72279 -4.032
1.21744 2.27969 -4.032
1.3514 2.49077 -3.59899
1.61931 2.91293 -3.59899
1.75327 3.12401 -4.032
1.61931 2.91293 -4.46501
1.3514 2.49077 -4.46501
1.21744 2.27969 -4.032
1.717 2.25875 -4.032
1.60118 2.4803 -3.59899
1.36953 2.9234 -3.59899
1.25371 3.14495 -4.032
1.36953 2.9234 -4.46501
1.60118 2.4803 -4.46501
1.717 2.25875 -4.032
1.98492 2.68091 -4.032
1.73513 2.69138 -3.59899
1.23557 2.71232 -3.59899
0.985793 2.72279 -4.032
1.23557 2.71232 -4.46501
1.73513 2.69138 -4.46501
1.98492 2.68091 -4.032
1.75327 3.12401 -4.032
1.61931 2.91293 -3.59899
1.3514 2.49077 -3.59899
1.21744 2.27969 -4.032
1.3514 2.49077 -4.46501
1.61931 2.91293 -4.46501
1.75327 3.12401 -4.032
1.61298 2.99336 -4.08
1.46603 2.79111 -3.64699
1.17214 2.3866 -3.64699
1.02519 2.18435 -4.08
1.17214 2.3866 -4.51301
1.46603 2.79111 -4.51301
1.61298 2.99336 -4.08
1.11572 3.04563 -4.08
1.2174 2.81724 -3.64699
1.42077 2.36047 -3.64699
1.52246 2.13208 -4.08
1.42077 2.36047 -4.51301
1.2174 2.81724 -4.51301
1.11572 3.04563 -4.08
0.821826 2.64112 -4.08
1.07046 2.61499 -3.64699
1.56772 2.56272 -3.64699
1.81635 2.53659 -4.08
1.56772 2.56272 -4.51301
1.07046 2.61499 -4.51301
0.821826 2.64112 -4.08
1.02519 2.18435 -4.08
1.17214 2.3866 -3.64699
1.46603 2.79111 -3.64699
1.61298 2.99336 -4.08
1.46603 2.79111 -4.51301
1.17214 2.3866 -4.51301
1.02519 2.18435 -4.08
1.52246 2.13208 -4.08
1.42077 2.36047 -3.64699
1.2174 2.81724 -3.64699
1.11572 3.04563 -4.08
1.2174 2.81724 -4.51301
1.42077 2.36047 -4.51301
1.52246 2.13208 -4.08
1.81635 2.53659 -4.08
1.56772 2.56272 -3.64699
1.07046 2.61499 -3.64699
0.821826 2.64112 -4.08
1.07046 2.61499 -4.51301
1.56772 2.56272 -4.51301
1.81635 2.53659 -4.08
1.61298 2.99336 -4.08
1.46603 2.79111 -3.64699
1.17214 2.3866 -3.64699
1.02519 2.18435 -4.08
1.17214 2.3866 -4.51301
1.46603 2.79111 -4.51301
1.61298 2.99336 -4.08
1.47896 2.8509 -4.128
1.3196 2.65827 -3.69499
1.00089 2.27301 -3.69499
0.841531 2.08039 -4.128
1.00089 2.27301 -4.56101
1.3196 2.65827 -4.56101
1.47896 2.8509 -4.128
0.985957 2.93428 -4.128
1.0731 2.69996 -3.69499
1.24739 2.23132 -3.69499
1.33453 1.997 -4.128
1.24739 2.23132 -4.56101
1.0731 2.69996 -4.56101
0.985957 2.93428 -4.128
0.667245 2.54903 -4.128
0.913744 2.50733 -3.69499
1.40674 2.42395 -3.69499
1.65324 2.38226 -4.128
1.40674 2.42395 -4.56101
0.913744 2.50733 -4.56101
0.667245 2.54903 -4.128
0.841531 2.08039 -4.128
1.00089 2.27301 -3.69499
1.3196 2.65827 -3.69499
1.47896 2.8509 -4.128
1.3196 2.65827 -4.56101
1.00089 2.27301 -4.56101
0.841531 2.08039 -4.128
1.33453 1.997 -4.128
1.24739 2.23132 -3.69499
1.0731 2.69996 -3.69499
0.985957 2.93428 -4.128
1.0731 2.69996 -4.56101
1.24739 2.23132 -4.56101
1.33453 1.997 -4.128
1.65324 2.38226 -4.128
1.40674 2.42395 -3.69499
0.913744 2.50733 -3.69499
0.667245 2.54903 -4.128
0.913744 2.50733 -4.56101
1.40674 2.42395 -4.56101
1.65324 2.38226 -4.128
1.47896 2.8509 -4.128
1.3196 2.65827 -3.69499
1.00089 2.27301 -3.69499
0.841531 2.08039 -4.128
1.00089 2.27301 -4.56101
1.3196 2.65827 -4.56101
1.47896 2.8509 -4.128
1.35172 2.69718 -4.176
1.18059 2.51494 -3.74299
0.838312 2.15046 -3.74299
0.667176 1.96822 -4.176
0.838312 2.15046 -4.60901
1.18059 2.51494 -4.60901
1.35172 2.69718 -4.176
0.864933 2.81136 -4.176
0.937191 2.57203 -3.74299
1.08171 2.09337 -3.74299
1.15397 1.85404 -4.176
1.08171 2.09337 -4.60901
0.937191 2.57203 -4.60901
0.864933 2.81136 -4.176
0.52266 2.44688 -4.176
0.766055 2.38979 -3.74299
1.25284 2.27561 -3.74299
1.49624 2.21852 -4.176
1.25284 2.27561 -4.60901
0.766055 2.38979 -4.60901
0.52266 2.44688 -4.176
0.667176 1.96822 -4.176
0.838312 2.15046 -3.74299
1.18059 2.51494 -3.74299
1.35172 2.69718 -4.176
1.18059 2.51494 -4.60901
0.838312 2.15046 -4.60901
0.667176 1.96822 -4.176
1.15397 1.85404 -4.176
1.08171 2.09337 -3.74299
0.937191 2.57203 -3.74299
0.864933 2.81136 -4.176
0.937191 2.57203 -4.60901
1.08171 2.09337 -4.60901
1.15397 1.85404 -4.176
1.49624 2.21852 -4.176
1.25284 2.27561 -3.74299
0.766055 2.38979 -3.74299
0.52266 2.44688 -4.176
0.766055 2.38979 -4.60901
1.25284 2.27561 -4.60901
1.49624 2.21852 -4.176
1.35172 2.69718 -4.176
1.18059 2.51494 -3.74299
0.838312 2.15046 -3.74299
0.667176 1.96822 -4.176
0.838312 2.15046 -4.60901
1.18059 2.51494 -4.60901
1.35172 2.69718 -4.176
1.23178 2.53282 -4.224
1.04954 2.36169 -3.79099
0.685058 2.01941 -3.79099
0.502816 1.84828 -4.224
0.685058 2.01941 -4.65701
1.04954 2.36169 -4.65701
1.23178 2.53282 -4.224
0.753125 2.67734 -4.224
0.810213 2.43395 -3.79099
0.924388 1.94716 -3.79099
0.981476 1.70376 -4.224
0.924388 1.94716 -4.65701
0.810213 2.43395 -4.65701
0.753125 2.67734 -4.224
0.388641 2.33507 -4.224
0.627971 2.26281 -3.79099
1.10663 2.11829 -3.79099
1.34596 2.04603 -4.224
1.10663 2.11829 -4.65701
0.627971 2.26281 -4.65701
0.388641 2.33507 -4.224
0.502816 1.84828 -4.224
0.685058 2.01941 -3.79099
1.04954 2.36169 -3.79099
1.23178 2.53282 -4.224
1.04954 2.36169 -4.65701
0.685058 2.01941 -4.65701
0.502816 1.84828 -4.224
0.981476 1.70376 -4.224
0.924388 1.94716 -3.79099
0.810213 2.43395 -3.79099
0.753125 2.67734 -4.224
0.810213 2.43395 -4.65701
0.924388 1.94716 -4.65701
0.981476 1.70376 -4.224
1.34596 2.04603 -4.224
1.10663 2.11829 -3.79099
0.627971 2.26281 -3.79099
0.388641 2.33507 -4.224
0.627971 2.26281 -4.65701
1.10663 2.11829 -4.65701
1.34596 2.04603 -4.224
1.23178 2.53282 -4.224
1.04954 2.36169 -3.79099
0.685058 2.01941 -3.79099
0.502816 1.84828 -4.224
0.685058 2.01941 -4.65701
1.04954 2.36169 -4.65701
1.23178 2.53282 -4.224
1.11961 2.35847 -4.272
0.926986 2.19911 -3.83899
0.541729 1.8804 -3.83899
0.349101 1.72104 -4.272
0.541729 1.8804 -4.70501
0.926986 2.19911 -4.70501
1.11961 2.35847 -4.272
0.650973 2.53275 -4.272
0.692665 2.28626 -3.83899
0.77605 1.79326 -3.83899
0.817742 1.54676 -4.272
0.77605 1.79326 -4.70501
0.692665 2.28626 -4.70501
0.650973 2.53275 -4.272
0.265717 2.21404 -4.272
0.500037 2.1269 -3.83899
0.968678 1.95261 -3.83899
1.203 1.86547 -4.272
0.968678 1.95261 -4.70501
0.500037 2.1269 -4.70501
0.265717 2.21404 -4.272
0.349101 1.72104 -4.272
0.541729 1.8804 -3.83899
0.926986 2.19911 -3.83899
1.11961 2.35847 -4.272
0.926986 2.19911 -4.70501
0.541729 1.8804 -4.70501
0.349101 1.72104 -4.272
0.817742 1.54676 -4.272
0.77605 1.79326 -3.83899
0.692665 2.28626 -3.83899
0.650973 2.53275 -4.272
0.692665 2.28626 -4.70501
0.77605 1.79326 -4.70501
0.817742 1.54676 -4.272
1.203 1.86547 -4.272
0.968678 1.95261 -3.83899
0.500037 2.1269 -3.83899
0.265717 2.21404 -4.272
0.500037 2.1269 -4.70501
0.968678 1.95261 -4.70501
1.203 1.86547 -4.272
1.11961 2.35847 -4.272
0.926986 2.19911 -3.83899
0.541729 1.8804 -3.83899
0.349101 1.72104 -4.272
0.541729 1.8804 -4.70501
0.926986 2.19911 -4.70501
1.11961 2.35847 -4.272
1.01565 2.17481 -4.32
0.8134 2.02786 -3.88699
0.408891 1.73397 -3.88699
0.206637 1.58702 -4.32
0.408891 1.73397 -4.75301
0.8134 2.02786 -4.75301
1.01565 2.17481 -4.32
0.558881 2.37817 -4.32
0.585014 2.12954 -3.88699
0.637278 1.63228 -3.88699
0.66341 1.38365 -4.32
0.637278 1.63228 -4.75301
0.585014 2.12954 -4.75301
0.558881 2.37817 -4.32
0.154373 2.08428 -4.32
0.382759 1.9826 -3.88699
0.839532 1.77923 -3.88699
1.06792 1.67754 -4.32
0.839532 1.77923 -4.75301
0.382759 1.9826 -4.75301
0.154373 2.08428 -4.32
0.206637 1.58702 -4.32
0.408891 1.73397 -3.88699
0.8134 2.02786 -3.88699
1.01565 2.17481 -4.32
0.8134 2.02786 -4.75301
0.408891 1.73397 -4.75301
0.206637 1.58702 -4.32
0.66341 1.38365 -4.32
0.637278 1.63228 -3.88699
0.585014 2.12954 -3.88699
0.558881 2.37817 -4.32
0.585014 2.12954 -4.75301
0.637278 1.63228 -4.75301
0.66341 1.38365 -4.32
1.06792 1.67754 -4.32
0.839532 1.77923 -3.88699
0.382759 1.9826 -3.88699
0.154373 2.08428 -4.32
0.382759 1.9826 -4.75301
0.839532 1.77923 -4.75301
1.06792 1.67754 -4.32
1.01565 2.17481 -4.32
0.8134 2.02786 -3.88699
0.408891 1.73397 -3.88699
0.206637 1.58702 -4.32
0.408891 1.73397 -4.75301
0.8134 2.02786 -4.75301
1.01565 2.17481 -4.32
0.920315 1.98256 -4.368
0.709233 1.8486 -3.93499
0.287069 1.58069 -3.93499
0.0759867 1.44673 -4.368
0.287069 1.58069 -4.80101
0.709233 1.8486 -4.80101
0.920315 1.98256 -4.368
0.477213 2.21421 -4.368
0.487682 1.96443 -3.93499
0.50862 1.46487 -3.93499
0.519088 1.21508 -4.368
0.50862 1.46487 -4.80101
0.487682 1.96443 -4.80101
0.477213 2.21421 -4.368
0.0550488 1.94629 -4.368
0.2766 1.83047 -3.93499
0.719702 1.59882 -3.93499
0.941252 1.483 -4.368
0.719702 1.59882 -4.80101
0.2766 1.83047 -4.80101
0.0550488 1.94629 -4.368
0.0759867 1.44673 -4.368
0.287069 1.58069 -3.93499
0.709233 1.8486 -3.93499
0.920315 1.98256 -4.368
0.709233 1.8486 -4.80101
0.287069 1.58069 -4.80101
0.0759867 1.44673 -4.368
0.519088 1.21508 -4.368
0.50862 1.46487 -3.93499
0.487682 1.96443 -3.93499
0.477213 2.21421 -4.368
0.487682 1.96443 -4.80101
0.50862 1.46487 -4.80101
0.519088 1.21508 -4.368
0.941252 1.483 -4.368
0.719702 1.59882 -3.93499
0.2766 1.83047 -3.93499
0.0550488 1.94629 -4.368
0.2766 1.83047 -4.80101
0.719702 1.59882 -4.80101
0.941252 1.483 -4.368
0.920315 1.98256 -4.368
0.709233 1.8486 -3.93499
0.287069 1.58069 -3.93499
0.0759867 1.44673 -4.368
0.287069 1.58069 -4.80101
0.709233 1.8486 -4.80101
0.920315 1.98256 -4.368
0.833972 1.78249 -4.416
0.614895 1.66205 -3.98299
0.176742 1.42117 -3.98299
-0.0423347 1.30073 -4.416
0.176742 1.42117 -4.84901
0.614895 1.66205 -4.84901
0.833972 1.78249 -4.416
0.40629 2.0415 -4.416
0.401054 1.79156 -3.98299
0.390583 1.29167 -3.98299
0.385347 1.04172 -4.416
0.390583 1.29167 -4.84901
0.401054 1.79156 -4.84901
0.40629 2.0415 -4.416
-0.0318635 1.80063 -4.416
0.181978 1.67112 -3.98299
0.60966 1.41211 -3.98299
0.823501 1.2826 -4.416
0.60966 1.41211 -4.84901
0.181978 1.67112 -4.84901
-0.0318635 1.80063 -4.416
-0.0423347 1.30073 -4.416
0.176742 1.42117 -3.98299
0.614895 1.66205 -3.98299
0.833972 1.78249 -4.416
0.614895 1.66205 -4.84901
0.176742 1.42117 -4.84901
-0.0423347 1.30073 -4.416
0.385347 1.04172 -4.416
0.390583 1.29167 -3.98299
0.401054 1.79156 -3.98299
0.40629 2.0415 -4.416
0.401054 1.79156 -4.84901
0.390583 1.29167 -4.84901
0.385347 1.04172 -4.416
0.823501 1.2826 -4.416
0.60966 1.41211 -3.98299
0.181978 1.67112 -3.98299
-0.0318635 1.80063 -4.416
0.181978 1.67112 -4.84901
0.60966 1.41211 -4.84901
0.823501 1.2826 -4.416
0.833972 1.78249 -4.416
0.614895 1.66205 -3.98299
0.176742 1.42117 -3.98299
-0.0423347 1.30073 -4.416
0.176742 1.42117 -4.84901
0.614895 1.66205 -4.84901
0.833972 1.78249 -4.416
0.756967 1.57538 -4.464
0.53076 1.46894 -4.03099
0.0783467 1.25605 -4.03099
-0.14786 1.1496 -4.464
0.0783467 1.25605 -4.89701
0.53076 1.46894 -4.89701
0.756967 1.57538 -4.464
0.346392 1.86074 -4.464
0.325473 1.61162 -4.03099
0.283634 1.11337 -4.03099
0.262715 0.864247 -4.464
0.283634 1.11337 -4.89701
0.325473 1.61162 -4.89701
0.346392 1.86074 -4.464
-0.106021 1.64785 -4.464
0.0992661 1.50517 -4.03099
0.509841 1.21982 -4.03099
0.715128 1.07714 -4.464
0.509841 1.21982 -4.89701
0.0992661 1.50517 -4.89701
-0.106021 1.64785 -4.464
-0.14786 1.1496 -4.464
0.0783467 1.25605 -4.03099
0.53076 1.46894 -4.03099
0.756967 1.57538 -4.464
0.53076 1.46894 -4.89701
0.0783467 1.25605 -4.89701
-0.14786 1.1496 -4.464
0.262715 0.864247 -4.464
0.283634 1.11337 -4.03099
0.325473 1.61162 -4.03099
0.346392 1.86074 -4.464
0.325473 1.61162 -4.89701
0.283634 1.11337 -4.89701
0.262715 0.864247 -4.464
0.715128 1.07714 -4.464
0.509841 1.21982 -4.03099
0.0992661 1.50517 -4.03099
-0.106021 1.64785 -4.464
0.0992661 1.50517 -4.89701
0.509841 1.21982 -4.89701
0.715128 1.07714 -4.464
0.756967 1.57538 -4.464
0.53076 1.46894 -4.03099
0.0783467 1.25605 -4.03099
-0.14786 1.1496 -4.464
0.0783467 1.25605 -4.89701
0.53076 1.46894 -4.89701
0.756967 1.57538 -4.464
0.689603 1.36206 -4.512
0.457159 1.27003 -4.07899
-0.00772888 1.08597 -4.07899
-0.240173 0.993936 -4.512
-0.00772888 1.08597 -4.94501
0.457159 1.27003 -4.94501
0.689603 1.36206 -4.512
0.297757 1.67263 -4.512
0.261236 1.42532 -4.07899
0.188194 0.93068 -4.07899
0.151674 0.683362 -4.512
0.188194 0.93068 -4.94501
0.261236 1.42532 -4.94501
0.297757 1.67263 -4.512
-0.167131 1.48857 -4.512
0.0287919 1.33329 -4.07899
0.420639 1.02271 -4.07899
0.616562 0.867425 -4.512
0.420639 1.02271 -4.94501
0.0287919 1.33329 -4.94501
-0.167131 1.48857 -4.512
-0.240173 0.993936 -4.512
-0.00772888 1.08597 -4.07899
0.457159 1.27003 -4.07899
0.689603 1.36206 -4.512
0.457159 1.27003 -4.94501
-0.00772888 1.08597 -4.94501
-0.240173 0.993936 -4.512
0.151674 0.683362 -4.512
0.188194 0.93068 -4.07899
0.261236 1.42532 -4.07899
0.297757 1.67263 -4.512
0.261236 1.42532 -4.94501
0.188194 0.93068 -4.94501
0.151674 0.683362 -4.512
0.616562 0.867425 -4.512
0.420639 1.02271 -4.07899
0.0287919 1.33329 -4.07899
-0.167131 1.48857 -4.512
0.0287919 1.33329 -4.94501
0.420639 1.02271 -4.94501
0.616562 0.867425 -4.512
0.689603 1.36206 -4.512
0.457159 1.27003 -4.07899
-0.00772888 1.08597 -4.07899
-0.240173 0.993936 -4.512
-0.00772888 1.08597 -4.94501
0.457159 1.27003 -4.94501
0.689603 1.36206 -4.512
0.632147 1.14336 -4.56
0.394383 1.06611 -4.12699
-0.081145 0.9116 -4.12699
-0.318909 0.834346 -4.56
-0.081145 0.9116 -4.99301
0.394383 1.06611 -4.99301
0.632147 1.14336 -4.56
0.260575 1.47793 -4.56
0.208597 1.23339 -4.12699
0.104641 0.744317 -4.12699
0.0526633 0.499781 -4.56
0.104641 0.744317 -4.99301
0.208597 1.23339 -4.99301
0.260575 1.47793 -4.56
-0.214953 1.32342 -4.56
-0.0291671 1.15614 -4.12699
0.342405 0.821572 -4.12699
0.528192 0.654289 -4.56
0.342405 0.821572 -4.99301
-0.0291671 1.15614 -4.99301
-0.214953 1.32342 -4.56
-0.318909 0.834346 -4.56
-0.081145 0.9116 -4.12699
0.394383 1.06611 -4.12699
0.632147 1.14336 -4.56
0.394383 1.06611 -4.99301
-0.081145 0.9116 -4.99301
-0.318909 0.834346 -4.56
0.0526633 0.499781 -4.56
0.104641 0.744317 -4.12699
0.208597 1.23339 -4.12699
0.260575 1.47793 -4.56
0.208597 1.23339 -4.99301
0.104641 0.744317 -4.99301
0.0526633 0.499781 -4.56
0.528192 0.654289 -4.56
0.342405 0.821572 -4.12699
-0.0291671 1.15614 -4.12699
-0.214953 1.32342 -4.56
-0.0291671 1.15614 -4.99301
0.342405 0.821572 -4.99301
0.528192 0.654289 -4.56
0.632147 1.14336 -4.56
0.394383 1.06611 -4.12699
-0.081145 0.9116 -4.12699
-0.318909 0.834346 -4.56
-0.081145 0.9116 -4.99301
0.394383 1.06611 -4.99301
0.632147 1.14336 -4.56
0.584825 0.920153 -4.608
0.34268 0.85798 -4.17499
-0.141612 0.733635 -4.17499
-0.383758 0.671463 -4.608
-0.141612 0.733635 -5.04101
0.34268 0.85798 -5.04101
0.584825 0.920153 -4.608
0.234994 1.27739 -4.608
0.167764 1.0366 -4.17499
0.0333039 0.555017 -4.17499
-0.033926 0.314226 -4.608
0.0333039 0.555017 -5.04101
0.167764 1.0366 -5.04101
0.234994 1.27739 -4.608
-0.249298 1.15304 -4.608
-0.074382 0.974426 -4.17499
0.27545 0.617189 -4.17499
0.450366 0.438571 -4.608
0.27545 0.617189 -5.04101
-0.074382 0.974426 -5.04101
-0.249298 1.15304 -4.608
-0.383758 0.671463 -4.608
-0.141612 0.733635 -4.17499
0.34268 0.85798 -4.17499
0.584825 0.920153 -4.608
0.34268 0.85798 -5.04101
-0.141612 0.733635 -5.04101
-0.383758 0.671463 -4.608
-0.033926 0.314226 -4.608
0.0333039 0.555017 -4.17499
0.167764 1.0366 -4.17499
0.234994 1.27739 -4.608
0.167764 1.0366 -5.04101
0.0333039 0.555017 -5.04101
-0.033926 0.314226 -4.608
0.450366 0.438571 -4.608
0.27545 0.617189 -4.17499
-0.074382 0.974426 -4.17499
-0.249298 1.15304 -4.608
-0.074382 0.974426 -5.04101
0.27545 0.617189 -5.04101
0.450366 0.438571 -4.608
0.584825 0.920153 -4.608
0.34268 0.85798 -4.17499
-0.141612 0.733635 -4.17499
-0.383758 0.671463 -4.608
-0.141612 0.733635 -5.04101
0.34268 0.85798 -5.04101
0.584825 0.920153 -4.608
0.547824 0.693311 -4.656
0.302253 0.646466 -4.22299
-0.188891 0.552775 -4.22299
-0.434463 0.50593 -4.656
-0.188891 0.552775 -5.08901
0.302253 0.646466 -5.08901
0.547824 0.693311 -4.656
0.221114 1.07181 -4.656
0.138897 0.835714 -4.22299
-0.0255359 0.363526 -4.22299
-0.107753 0.127432 -4.656
-0.0255359 0.363526 -5.08901
0.138897 0.835714 -5.08901
0.221114 1.07181 -4.656
-0.27003 0.978118 -4.656
-0.106674 0.788869 -4.22299
0.220036 0.410371 -4.22299
0.383391 0.221123 -4.656
0.220036 0.410371 -5.08901
-0.106674 0.788869 -5.08901
-0.27003 0.978118 -4.656
-0.434463 0.50593 -4.656
-0.188891 0.552775 -4.22299
0.302253 0.646466 -4.22299
0.547824 0.693311 -4.656
0.302253 0.646466 -5.08901
-0.188891 0.552775 -5.08901
-0.434463 0.50593 -4.656
-0.107753 0.127432 -4.656
-0.0255359 0.363526 -4.22299
0.138897 0.835714 -4.22299
0.221114 1.07181 -4.656
0.138897 0.835714 -5.08901
-0.0255359 0.363526 -5.08901
-0.107753 0.127432 -4.656
0.383391 0.221123 -4.656
0.220036 0.410371 -4.22299
-0.106674 0.788869 -4.22299
-0.27003 0.978118 -4.656
-0.106674 0.788869 -5.08901
0.220036 0.410371 -5.08901
0.383391 0.221123 -4.656
0.547824 0.693311 -4.656
0.302253 0.646466 -4.22299
-0.188891 0.552775 -4.22299
-0.434463 0.50593 -4.656
-0.188891 0.552775 -5.08901
0.302253 0.646466 -5.08901
0.547824 0.693311 -4.656
0.52129 0.463733 -4.704
0.273262 0.4324 -4.27099
-0.222796 0.369733 -4.27099
-0.470824 0.3384 -4.704
-0.222796 0.369733 -5.13701
0.273262 0.4324 -5.13701
0.52129 0.463733 -4.704
0.218991 0.861998 -4.704
0.122112 0.631532 -4.27099
-0.0716459 0.170601 -4.27099
-0.168525 -0.0598652 -4.704
-0.0716459 0.170601 -5.13701
0.122112 0.631532 -5.13701
0.218991 0.861998 -4.704
-0.277067 0.799331 -4.704
-0.125917 0.600199 -4.27099
0.176383 0.201934 -4.27099
0.327533 0.00280139 -4.704
0.176383 0.201934 -5.13701
-0.125917 0.600199 -5.13701
-0.277067 0.799331 -4.704
-0.470824 0.3384 -4.704
-0.222796 0.369733 -4.27099
0.273262 0.4324 -4.27099
0.52129 0.463733 -4.704
0.273262 0.4324 -5.13701
-0.222796 0.369733 -5.13701
-0.470824 0.3384 -4.704
-0.168525 -0.0598652 -4.704
-0.0716459 0.170601 -4.27099
0.122112 0.631532 -4.27099
0.218991 0.861998 -4.704
0.122112 0.631532 -5.13701
-0.0716459 0.170601 -5.13701
-0.168525 -0.0598652 -4.704
0.327533 0.00280139 -4.704
0.176383 0.201934 -4.27099
-0.125917 0.600199 -4.27099
-0.277067 0.799331 -4.704
-0.125917 0.600199 -5.13701
0.176383 0.201934 -5.13701
0.327533 0.00280139 -4.704
0.52129 0.463733 -4.704
0.273262 0.4324 -4.27099
-0.222796 0.369733 -4.27099
-0.470824 0.3384 -4.704
-0.222796 0.369733 -5.13701
0.273262 0.4324 -5.13701
0.52129 0.463733 -4.704
0.505328 0.232325 -4.752
0.255821 0.216627 -4.31899
-0.243192 0.185232 -4.31899
-0.492699 0.169534 -4.752
-0.243192 0.185232 -5.18501
0.255821 0.216627 -5.18501
0.505328 0.232325 -4.752
0.228632 0.648786 -4.752
0.117473 0.424858 -4.31899
-0.104844 -0.0229983 -4.31899
-0.216003 -0.246926 -4.752
-0.104844 -0.0229983 -5.18501
0.117473 0.424858 -5.18501
0.228632 0.648786 -4.752
-0.270381 0.61739 -4.752
-0.132033 0.40916 -4.31899
0.144662 -0.00730065 -4.31899
0.28301 -0.215531 -4.752
0.144662 -0.00730065 -5.18501
-0.132033 0.40916 -5.18501
-0.270381 0.61739 -4.752
-0.492699 0.169534 -4.752
-0.243192 0.185232 -4.31899
0.255821 0.216627 -4.31899
0.505328 0.232325 -4.752
0.255821 0.216627 -5.18501
-0.243192 0.185232 -5.18501
-0.492699 0.169534 -4.752
-0.216003 -0.246926 -4.752
-0.104844 -0.0229983 -4.31899
0.117473 0.424858 -4.31899
0.228632 0.648786 -4.752
0.117473 0.424858 -5.18501
-0.104844 -0.0229983 -5.18501
-0.216003 -0.246926 -4.752
0.28301 -0.215531 -4.752
0.144662 -0.00730065 -4.31899
-0.132033 0.40916 -4.31899
-0.270381 0.61739 -4.752
-0.132033 0.40916 -5.18501
0.144662 -0.00730065 -5.18501
0.28301 -0.215531 -4.752
0.505328 0.232325 -4.752
0.255821 0.216627 -4.31899
-0.243192 0.185232 -4.31899
-0.492699 0.169534 -4.752
-0.243192 0.185232 -5.18501
0.255821 0.216627 -5.18501
0.505328 0.232325 -4.752
